#
# There is insufficient memory for the Java Runtime Environment to continue.
# Native memory allocation (malloc) failed to allocate 1667056 bytes. Error detail: Chunk::new
# Possible reasons:
#   The system is out of physical RAM or swap space
#   This process is running with CompressedOops enabled, and the Java Heap may be blocking the growth of the native heap
# Possible solutions:
#   Reduce memory load on the system
#   Increase physical memory or swap space
#   Check if swap backing store is full
#   Decrease Java heap size (-Xmx/-Xms)
#   Decrease number of Java threads
#   Decrease Java thread stack sizes (-Xss)
#   Set larger code cache with -XX:ReservedCodeCacheSize=
#   JVM is running with Unscaled Compressed Oops mode in which the Java heap is
#     placed in the first 4GB address space. The Java Heap base address is the
#     maximum limit for the native heap growth. Please use -XX:HeapBaseMinAddress
#     to set the Java Heap base and to place the Java Heap above 4GB virtual address.
# This output file may be truncated or incomplete.
#
#  Out of Memory Error (arena.cpp:168), pid=36964, tid=33564
#
# JRE version: OpenJDK Runtime Environment (21.0.10) (build 21.0.10+-14961533-b1163.108)
# Java VM: OpenJDK 64-Bit Server VM (21.0.10+-14961533-b1163.108, mixed mode, tiered, compressed oops, compressed class ptrs, g1 gc, windows-amd64)
# No core dump will be written. Minidumps are not enabled by default on client versions of Windows
#

---------------  S U M M A R Y ------------

Command Line: --add-opens=java.base/java.lang=ALL-UNNAMED --add-opens=java.base/java.lang.invoke=ALL-UNNAMED --add-opens=java.base/java.util=ALL-UNNAMED --add-opens=java.prefs/java.util.prefs=ALL-UNNAMED --add-exports=jdk.compiler/com.sun.tools.javac.api=ALL-UNNAMED --add-exports=jdk.compiler/com.sun.tools.javac.util=ALL-UNNAMED --add-opens=java.base/java.util=ALL-UNNAMED --add-opens=java.prefs/java.util.prefs=ALL-UNNAMED --add-opens=java.base/java.nio.charset=ALL-UNNAMED --add-opens=java.base/java.net=ALL-UNNAMED --add-opens=java.base/java.util.concurrent=ALL-UNNAMED --add-opens=java.base/java.util.concurrent.atomic=ALL-UNNAMED --add-opens=java.xml/javax.xml.namespace=ALL-UNNAMED -Xmx2048m -Dfile.encoding=UTF-8 -Duser.country=US -Duser.language=en -Duser.variant -javaagent:C:\Users\patri\.gradle\wrapper\dists\gradle-9.0.0-bin\d6wjpkvcgsg3oed0qlfss3wgl\gradle-9.0.0\lib\agents\gradle-instrumentation-agent-9.0.0.jar org.gradle.launcher.daemon.bootstrap.GradleDaemon 9.0.0

Host: 11th Gen Intel(R) Core(TM) i3-1115G4 @ 3.00GHz, 4 cores, 7G,  Windows 11 , 64 bit Build 26100 (10.0.26100.9168)
Time: Mon Aug 31 22:13:15 2026 Malay Peninsula Standard Time elapsed time: 54.299125 seconds (0d 0h 0m 54s)

---------------  T H R E A D  ---------------

Current thread (0x00000276c00b68a0):  JavaThread "C2 CompilerThread0" daemon [_thread_in_native, id=33564, stack(0x0000009823b00000,0x0000009823c00000) (1024K)]


Current CompileTask:
C2:54299 16684       4       java.beans.Introspector::addPropertyDescriptor (265 bytes)

Stack: [0x0000009823b00000,0x0000009823c00000]
Native frames: (J=compiled Java code, j=interpreted, Vv=VM code, C=native code)
V  [jvm.dll+0x6d78a9]
V  [jvm.dll+0x8665b3]
V  [jvm.dll+0x868bde]
V  [jvm.dll+0x8692c3]
V  [jvm.dll+0x280ee6]
V  [jvm.dll+0xc07cd]
V  [jvm.dll+0xc0d03]
V  [jvm.dll+0x3ba091]
V  [jvm.dll+0x385df7]
V  [jvm.dll+0x38526a]
V  [jvm.dll+0x249bd2]
V  [jvm.dll+0x2491a1]
V  [jvm.dll+0x1c76e4]
V  [jvm.dll+0x25891e]
V  [jvm.dll+0x256e66]
V  [jvm.dll+0x3f513e]
V  [jvm.dll+0x80fd28]
V  [jvm.dll+0x6d60fd]
C  [ucrtbase.dll+0x2cd30]
C  [KERNEL32.DLL+0x2ccb7]
C  [ntdll.dll+0xaad6c]


---------------  P R O C E S S  ---------------

Threads class SMR info:
_java_thread_list=0x00000276c66c4580, length=81, elements={
0x00000276a4dc6e50, 0x00000276c005bc00, 0x00000276c00766c0, 0x00000276c0077120,
0x00000276c00a12c0, 0x00000276c00afa70, 0x00000276c00b04d0, 0x00000276c00b0f30,
0x00000276c00b68a0, 0x00000276c00b93c0, 0x00000276c03b3fa0, 0x00000276c046f850,
0x00000276c201cce0, 0x00000276c138c1b0, 0x00000276c252e440, 0x00000276c1391d30,
0x00000276c1fc7790, 0x00000276c1fc9860, 0x00000276c1fc7e20, 0x00000276c1fc8b40,
0x00000276c1fc9ef0, 0x00000276c1fca580, 0x00000276c1fc7100, 0x00000276c1fc84b0,
0x00000276c3869060, 0x00000276c38696f0, 0x00000276c3869d80, 0x00000276c386c4e0,
0x00000276c386d200, 0x00000276c386b130, 0x00000276c386d890, 0x00000276c386a410,
0x00000276c386cb70, 0x00000276c386df20, 0x00000276c386aaa0, 0x00000276c386e5b0,
0x00000276c386f960, 0x00000276c3870680, 0x00000276c386ec40, 0x00000276c386f2d0,
0x00000276c2bccd30, 0x00000276c2bcf490, 0x00000276c2bcc010, 0x00000276c2bce0e0,
0x00000276c2bcc6a0, 0x00000276c2bce770, 0x00000276c2bcd3c0, 0x00000276c2bcee00,
0x00000276c4dd7ed0, 0x00000276c4dd8bf0, 0x00000276c4dd71b0, 0x00000276c4dd6490,
0x00000276c4dd7840, 0x00000276c4dd8560, 0x00000276c07515c0, 0x00000276c0753d20,
0x00000276c0753690, 0x00000276c0753000, 0x00000276c0754a40, 0x00000276c0751c50,
0x00000276c5e57f80, 0x00000276c5e5c120, 0x00000276c5e59330, 0x00000276c5e5a050,
0x00000276c5e5e880, 0x00000276c5a52540, 0x00000276c5a52bd0, 0x00000276c5a538f0,
0x00000276c5a51820, 0x00000276c5a50470, 0x00000276c4cac700, 0x00000276c4cb1c50,
0x00000276c4cb15c0, 0x00000276c4caee60, 0x00000276c4cad420, 0x00000276c4cacd90,
0x00000276c4caf4f0, 0x00000276c4cafb80, 0x00000276c4cb0210, 0x00000276c4cb0f30,
0x00000276c3a719c0
}

Java Threads: ( => current thread )
  0x00000276a4dc6e50 JavaThread "main"                              [_thread_blocked, id=39208, stack(0x0000009822c00000,0x0000009822d00000) (1024K)]
  0x00000276c005bc00 JavaThread "Common-Cleaner"             daemon [_thread_blocked, id=24752, stack(0x0000009823400000,0x0000009823500000) (1024K)]
  0x00000276c00766c0 JavaThread "Reference Handler"          daemon [_thread_blocked, id=31208, stack(0x0000009823500000,0x0000009823600000) (1024K)]
  0x00000276c0077120 JavaThread "Finalizer"                  daemon [_thread_blocked, id=26324, stack(0x0000009823600000,0x0000009823700000) (1024K)]
  0x00000276c00a12c0 JavaThread "Signal Dispatcher"          daemon [_thread_blocked, id=32092, stack(0x0000009823700000,0x0000009823800000) (1024K)]
  0x00000276c00afa70 JavaThread "Attach Listener"            daemon [_thread_blocked, id=31472, stack(0x0000009823800000,0x0000009823900000) (1024K)]
  0x00000276c00b04d0 JavaThread "Service Thread"             daemon [_thread_blocked, id=33596, stack(0x0000009823900000,0x0000009823a00000) (1024K)]
  0x00000276c00b0f30 JavaThread "Monitor Deflation Thread"   daemon [_thread_blocked, id=13732, stack(0x0000009823a00000,0x0000009823b00000) (1024K)]
=>0x00000276c00b68a0 JavaThread "C2 CompilerThread0"         daemon [_thread_in_native, id=33564, stack(0x0000009823b00000,0x0000009823c00000) (1024K)]
  0x00000276c00b93c0 JavaThread "C1 CompilerThread0"         daemon [_thread_blocked, id=2652, stack(0x0000009823c00000,0x0000009823d00000) (1024K)]
  0x00000276c03b3fa0 JavaThread "Notification Thread"        daemon [_thread_blocked, id=20568, stack(0x0000009823d00000,0x0000009823e00000) (1024K)]
  0x00000276c046f850 JavaThread "Daemon health stats"               [_thread_blocked, id=34080, stack(0x0000009823e00000,0x0000009823f00000) (1024K)]
  0x00000276c201cce0 JavaThread "Incoming local TCP Connector on port 58601"        [_thread_in_native, id=11936, stack(0x0000009824200000,0x0000009824300000) (1024K)]
  0x00000276c138c1b0 JavaThread "Daemon periodic checks"            [_thread_blocked, id=26692, stack(0x0000009824300000,0x0000009824400000) (1024K)]
  0x00000276c252e440 JavaThread "Daemon"                            [_thread_blocked, id=28840, stack(0x0000009824400000,0x0000009824500000) (1024K)]
  0x00000276c1391d30 JavaThread "Handler for socket connection from /127.0.0.1:58601 to /127.0.0.1:58602"        [_thread_in_native, id=12192, stack(0x0000009824500000,0x0000009824600000) (1024K)]
  0x00000276c1fc7790 JavaThread "Cancel handler"                    [_thread_blocked, id=11112, stack(0x0000009824600000,0x0000009824700000) (1024K)]
  0x00000276c1fc9860 JavaThread "Daemon worker"                     [_thread_in_vm, id=36788, stack(0x0000009824700000,0x0000009824800000) (1024K)]
  0x00000276c1fc7e20 JavaThread "Asynchronous log dispatcher for DefaultDaemonConnection: socket connection from /127.0.0.1:58601 to /127.0.0.1:58602"        [_thread_blocked, id=38372, stack(0x0000009824800000,0x0000009824900000) (1024K)]
  0x00000276c1fc8b40 JavaThread "Stdin handler"                     [_thread_blocked, id=27700, stack(0x0000009824900000,0x0000009824a00000) (1024K)]
  0x00000276c1fc9ef0 JavaThread "Daemon client event forwarder"        [_thread_blocked, id=2140, stack(0x0000009824a00000,0x0000009824b00000) (1024K)]
  0x00000276c1fca580 JavaThread "Cache worker for journal cache (C:\Users\patri\.gradle\caches\journal-1)"        [_thread_blocked, id=31968, stack(0x0000009824b00000,0x0000009824c00000) (1024K)]
  0x00000276c1fc7100 JavaThread "File lock request listener"        [_thread_in_native, id=36468, stack(0x0000009824c00000,0x0000009824d00000) (1024K)]
  0x00000276c1fc84b0 JavaThread "Cache worker for file hash cache (C:\Users\patri\.gradle\caches\9.0.0\fileHashes)"        [_thread_blocked, id=28772, stack(0x0000009824d00000,0x0000009824e00000) (1024K)]
  0x00000276c3869060 JavaThread "Cache worker for file hash cache (C:\Dev\AutorideSystem2sides\AutorideSystem\customer_mobile\android\.gradle\9.0.0\fileHashes)"        [_thread_blocked, id=23896, stack(0x0000009824f00000,0x0000009825000000) (1024K)]
  0x00000276c38696f0 JavaThread "Cache worker for Build Output Cleanup Cache (C:\Dev\AutorideSystem2sides\AutorideSystem\customer_mobile\android\.gradle\buildOutputCleanup)"        [_thread_blocked, id=30396, stack(0x0000009825000000,0x0000009825100000) (1024K)]
  0x00000276c3869d80 JavaThread "File watcher server"        daemon [_thread_in_native, id=20436, stack(0x0000009824e00000,0x0000009824f00000) (1024K)]
  0x00000276c386c4e0 JavaThread "File watcher consumer"      daemon [_thread_blocked, id=21132, stack(0x0000009825100000,0x0000009825200000) (1024K)]
  0x00000276c386d200 JavaThread "Cache worker for checksums cache (C:\Dev\AutorideSystem2sides\AutorideSystem\customer_mobile\android\.gradle\9.0.0\checksums)"        [_thread_blocked, id=32112, stack(0x0000009825200000,0x0000009825300000) (1024K)]
  0x00000276c386b130 JavaThread "Cache worker for file content cache (C:\Users\patri\.gradle\caches\9.0.0\fileContent)"        [_thread_blocked, id=33460, stack(0x0000009825300000,0x0000009825400000) (1024K)]
  0x00000276c386d890 JavaThread "Cache worker for cache directory md-supplier (C:\Users\patri\.gradle\caches\9.0.0\md-supplier)"        [_thread_blocked, id=22032, stack(0x0000009825400000,0x0000009825500000) (1024K)]
  0x00000276c386a410 JavaThread "Cache worker for cache directory md-rule (C:\Users\patri\.gradle\caches\9.0.0\md-rule)"        [_thread_blocked, id=21144, stack(0x0000009825500000,0x0000009825600000) (1024K)]
  0x00000276c386cb70 JavaThread "jar transforms"                    [_thread_blocked, id=37500, stack(0x0000009825700000,0x0000009825800000) (1024K)]
  0x00000276c386df20 JavaThread "jar transforms Thread 2"           [_thread_blocked, id=17208, stack(0x0000009825800000,0x0000009825900000) (1024K)]
  0x00000276c386aaa0 JavaThread "jar transforms Thread 3"           [_thread_blocked, id=27808, stack(0x0000009825600000,0x0000009825700000) (1024K)]
  0x00000276c386e5b0 JavaThread "Unconstrained build operations"        [_thread_blocked, id=29284, stack(0x0000009825900000,0x0000009825a00000) (1024K)]
  0x00000276c386f960 JavaThread "Unconstrained build operations Thread 2"        [_thread_blocked, id=24836, stack(0x0000009825a00000,0x0000009825b00000) (1024K)]
  0x00000276c3870680 JavaThread "Unconstrained build operations Thread 3"        [_thread_blocked, id=39376, stack(0x0000009825b00000,0x0000009825c00000) (1024K)]
  0x00000276c386ec40 JavaThread "Unconstrained build operations Thread 4"        [_thread_blocked, id=15020, stack(0x0000009825c00000,0x0000009825d00000) (1024K)]
  0x00000276c386f2d0 JavaThread "Unconstrained build operations Thread 5"        [_thread_blocked, id=26904, stack(0x0000009825d00000,0x0000009825e00000) (1024K)]
  0x00000276c2bccd30 JavaThread "Unconstrained build operations Thread 6"        [_thread_blocked, id=13144, stack(0x0000009825e00000,0x0000009825f00000) (1024K)]
  0x00000276c2bcf490 JavaThread "jar transforms Thread 4"           [_thread_blocked, id=2916, stack(0x0000009825f00000,0x0000009826000000) (1024K)]
  0x00000276c2bcc010 JavaThread "Unconstrained build operations Thread 7"        [_thread_blocked, id=30500, stack(0x0000009826000000,0x0000009826100000) (1024K)]
  0x00000276c2bce0e0 JavaThread "Unconstrained build operations Thread 8"        [_thread_blocked, id=2520, stack(0x0000009826100000,0x0000009826200000) (1024K)]
  0x00000276c2bcc6a0 JavaThread "Unconstrained build operations Thread 9"        [_thread_blocked, id=28424, stack(0x0000009826200000,0x0000009826300000) (1024K)]
  0x00000276c2bce770 JavaThread "Unconstrained build operations Thread 10"        [_thread_blocked, id=34216, stack(0x0000009826300000,0x0000009826400000) (1024K)]
  0x00000276c2bcd3c0 JavaThread "Unconstrained build operations Thread 11"        [_thread_blocked, id=28760, stack(0x0000009826500000,0x0000009826600000) (1024K)]
  0x00000276c2bcee00 JavaThread "Unconstrained build operations Thread 12"        [_thread_blocked, id=13832, stack(0x0000009826600000,0x0000009826700000) (1024K)]
  0x00000276c4dd7ed0 JavaThread "Unconstrained build operations Thread 13"        [_thread_blocked, id=27048, stack(0x0000009826800000,0x0000009826900000) (1024K)]
  0x00000276c4dd8bf0 JavaThread "Unconstrained build operations Thread 14"        [_thread_blocked, id=37044, stack(0x0000009826900000,0x0000009826a00000) (1024K)]
  0x00000276c4dd71b0 JavaThread "Unconstrained build operations Thread 15"        [_thread_blocked, id=31228, stack(0x0000009826a00000,0x0000009826b00000) (1024K)]
  0x00000276c4dd6490 JavaThread "Unconstrained build operations Thread 16"        [_thread_blocked, id=15428, stack(0x0000009826b00000,0x0000009826c00000) (1024K)]
  0x00000276c4dd7840 JavaThread "Unconstrained build operations Thread 17"        [_thread_blocked, id=24184, stack(0x0000009826c00000,0x0000009826d00000) (1024K)]
  0x00000276c4dd8560 JavaThread "Unconstrained build operations Thread 18"        [_thread_blocked, id=28800, stack(0x0000009826d00000,0x0000009826e00000) (1024K)]
  0x00000276c07515c0 JavaThread "Unconstrained build operations Thread 19"        [_thread_blocked, id=19832, stack(0x0000009826e00000,0x0000009826f00000) (1024K)]
  0x00000276c0753d20 JavaThread "Unconstrained build operations Thread 20"        [_thread_blocked, id=34660, stack(0x0000009826f00000,0x0000009827000000) (1024K)]
  0x00000276c0753690 JavaThread "Unconstrained build operations Thread 21"        [_thread_blocked, id=30796, stack(0x0000009827000000,0x0000009827100000) (1024K)]
  0x00000276c0753000 JavaThread "File lock release action executor"        [_thread_blocked, id=31812, stack(0x0000009826700000,0x0000009826800000) (1024K)]
  0x00000276c0754a40 JavaThread "build event listener"              [_thread_blocked, id=35416, stack(0x0000009827100000,0x0000009827200000) (1024K)]
  0x00000276c0751c50 JavaThread "Memory manager"                    [_thread_blocked, id=28140, stack(0x0000009827200000,0x0000009827300000) (1024K)]
  0x00000276c5e57f80 JavaThread "Problems report writer"            [_thread_blocked, id=19084, stack(0x0000009827300000,0x0000009827400000) (1024K)]
  0x00000276c5e5c120 JavaThread "Unconstrained build operations Thread 22"        [_thread_blocked, id=28580, stack(0x0000009827500000,0x0000009827600000) (1024K)]
  0x00000276c5e59330 JavaThread "Unconstrained build operations Thread 23"        [_thread_blocked, id=24520, stack(0x0000009827600000,0x0000009827700000) (1024K)]
  0x00000276c5e5a050 JavaThread "Unconstrained build operations Thread 24"        [_thread_blocked, id=30988, stack(0x0000009827700000,0x0000009827800000) (1024K)]
  0x00000276c5e5e880 JavaThread "Unconstrained build operations Thread 25"        [_thread_blocked, id=39268, stack(0x0000009827400000,0x0000009827500000) (1024K)]
  0x00000276c5a52540 JavaThread "Unconstrained build operations Thread 26"        [_thread_blocked, id=22592, stack(0x0000009827800000,0x0000009827900000) (1024K)]
  0x00000276c5a52bd0 JavaThread "Unconstrained build operations Thread 27"        [_thread_blocked, id=31144, stack(0x0000009827900000,0x0000009827a00000) (1024K)]
  0x00000276c5a538f0 JavaThread "Unconstrained build operations Thread 28"        [_thread_blocked, id=2568, stack(0x0000009827b00000,0x0000009827c00000) (1024K)]
  0x00000276c5a51820 JavaThread "Unconstrained build operations Thread 29"        [_thread_blocked, id=29080, stack(0x0000009827c00000,0x0000009827d00000) (1024K)]
  0x00000276c5a50470 JavaThread "Unconstrained build operations Thread 30"        [_thread_blocked, id=26936, stack(0x0000009827d00000,0x0000009827e00000) (1024K)]
  0x00000276c4cac700 JavaThread "Unconstrained build operations Thread 31"        [_thread_blocked, id=3212, stack(0x0000009827e00000,0x0000009827f00000) (1024K)]
  0x00000276c4cb1c50 JavaThread "Unconstrained build operations Thread 32"        [_thread_blocked, id=5924, stack(0x0000009827f00000,0x0000009828000000) (1024K)]
  0x00000276c4cb15c0 JavaThread "Unconstrained build operations Thread 33"        [_thread_blocked, id=37544, stack(0x0000009828000000,0x0000009828100000) (1024K)]
  0x00000276c4caee60 JavaThread "Unconstrained build operations Thread 34"        [_thread_blocked, id=25764, stack(0x0000009828100000,0x0000009828200000) (1024K)]
  0x00000276c4cad420 JavaThread "Unconstrained build operations Thread 35"        [_thread_blocked, id=31488, stack(0x0000009828200000,0x0000009828300000) (1024K)]
  0x00000276c4cacd90 JavaThread "Unconstrained build operations Thread 36"        [_thread_blocked, id=9996, stack(0x0000009828300000,0x0000009828400000) (1024K)]
  0x00000276c4caf4f0 JavaThread "Unconstrained build operations Thread 37"        [_thread_blocked, id=33072, stack(0x0000009828400000,0x0000009828500000) (1024K)]
  0x00000276c4cafb80 JavaThread "Unconstrained build operations Thread 38"        [_thread_blocked, id=14076, stack(0x0000009828500000,0x0000009828600000) (1024K)]
  0x00000276c4cb0210 JavaThread "Unconstrained build operations Thread 39"        [_thread_blocked, id=39316, stack(0x0000009828600000,0x0000009828700000) (1024K)]
  0x00000276c4cb0f30 JavaThread "Unconstrained build operations Thread 40"        [_thread_blocked, id=27660, stack(0x0000009828700000,0x0000009828800000) (1024K)]
  0x00000276c3a719c0 JavaThread "C2 CompilerThread1"         daemon [_thread_in_native, id=5604, stack(0x0000009827a00000,0x0000009827b00000) (1024K)]
Total: 81

Other Threads:
  0x00000276c0030a10 VMThread "VM Thread"                           [id=16672, stack(0x0000009823300000,0x0000009823400000) (1024K)]
  0x00000276bbbc7020 WatcherThread "VM Periodic Task Thread"        [id=28132, stack(0x0000009823200000,0x0000009823300000) (1024K)]
  0x00000276a2a3dfe0 WorkerThread "GC Thread#0"                     [id=29500, stack(0x0000009822d00000,0x0000009822e00000) (1024K)]
  0x00000276c05d0080 WorkerThread "GC Thread#1"                     [id=24296, stack(0x0000009823f00000,0x0000009824000000) (1024K)]
  0x00000276c07ecf60 WorkerThread "GC Thread#2"                     [id=11280, stack(0x0000009824000000,0x0000009824100000) (1024K)]
  0x00000276c096bdd0 WorkerThread "GC Thread#3"                     [id=30296, stack(0x0000009824100000,0x0000009824200000) (1024K)]
  0x00000276a4e2afa0 ConcurrentGCThread "G1 Main Marker"            [id=28480, stack(0x0000009822e00000,0x0000009822f00000) (1024K)]
  0x00000276a4e2c870 WorkerThread "G1 Conc#0"                       [id=21304, stack(0x0000009822f00000,0x0000009823000000) (1024K)]
  0x00000276a4e5e0e0 ConcurrentGCThread "G1 Refine#0"               [id=22212, stack(0x0000009823000000,0x0000009823100000) (1024K)]
  0x00000276a4e5ea70 ConcurrentGCThread "G1 Service"                [id=24680, stack(0x0000009823100000,0x0000009823200000) (1024K)]
Total: 10

Threads with active compile tasks:
C2 CompilerThread0  55734 16684       4       java.beans.Introspector::addPropertyDescriptor (265 bytes)
C1 CompilerThread0  55734 16871       3       com.google.protobuf.CodedInputStream$ArrayDecoder::readRawVarint64 (308 bytes)
C2 CompilerThread1  55734 16709       4       java.util.TimSort::sort (229 bytes)
Total: 3

VM state: not at safepoint (normal execution)

VM Mutex/Monitor currently owned by a thread: None

Heap address: 0x0000000080000000, size: 2048 MB, Compressed Oops mode: 32-bit

CDS archive(s) not mapped
Compressed class space mapped at: 0x0000000100000000-0x0000000140000000, reserved size: 1073741824
Narrow klass base: 0x0000000000000000, Narrow klass shift: 3, Narrow klass range: 0x140000000

GC Precious Log:
 CardTable entry size: 512
 Card Set container configuration: InlinePtr #cards 5 size 8 Array Of Cards #cards 12 size 40 Howl #buckets 4 coarsen threshold 1843 Howl Bitmap #cards 512 size 80 coarsen threshold 460 Card regions per heap region 1 cards per card region 2048
 CPUs: 4 total, 4 available
 Memory: 7975M
 Large Page Support: Disabled
 NUMA Support: Disabled
 Compressed Oops: Enabled (32-bit)
 Heap Region Size: 1M
 Heap Min Capacity: 8M
 Heap Initial Capacity: 126M
 Heap Max Capacity: 2G
 Pre-touch: Disabled
 Parallel Workers: 4
 Concurrent Workers: 1
 Concurrent Refinement Workers: 4
 Periodic GC: Disabled

Heap:
 garbage-first heap   total 237568K, used 200704K [0x0000000080000000, 0x0000000100000000)
  region size 1024K, 60 young (61440K), 8 survivors (8192K)
 Metaspace       used 121556K, committed 124096K, reserved 1179648K
  class space    used 16955K, committed 18176K, reserved 1048576K

Heap Regions: E=young(eden), S=young(survivor), O=old, HS=humongous(starts), HC=humongous(continues), CS=collection set, F=free, TAMS=top-at-mark-start, PB=parsable bottom
|   0|0x0000000080000000, 0x0000000080100000, 0x0000000080100000|100%|HS|  |TAMS 0x0000000080000000| PB 0x0000000080000000| Complete 
|   1|0x0000000080100000, 0x0000000080200000, 0x0000000080200000|100%|HC|  |TAMS 0x0000000080100000| PB 0x0000000080100000| Complete 
|   2|0x0000000080200000, 0x0000000080300000, 0x0000000080300000|100%|HC|  |TAMS 0x0000000080200000| PB 0x0000000080200000| Complete 
|   3|0x0000000080300000, 0x0000000080400000, 0x0000000080400000|100%|HS|  |TAMS 0x0000000080300000| PB 0x0000000080300000| Complete 
|   4|0x0000000080400000, 0x0000000080500000, 0x0000000080500000|100%| O|  |TAMS 0x0000000080400000| PB 0x0000000080400000| Untracked 
|   5|0x0000000080500000, 0x0000000080600000, 0x0000000080600000|100%| O|  |TAMS 0x0000000080500000| PB 0x0000000080500000| Untracked 
|   6|0x0000000080600000, 0x0000000080700000, 0x0000000080700000|100%| O|  |TAMS 0x0000000080600000| PB 0x0000000080600000| Untracked 
|   7|0x0000000080700000, 0x0000000080800000, 0x0000000080800000|100%| O|  |TAMS 0x0000000080700000| PB 0x0000000080700000| Untracked 
|   8|0x0000000080800000, 0x0000000080900000, 0x0000000080900000|100%| O|  |TAMS 0x0000000080800000| PB 0x0000000080800000| Untracked 
|   9|0x0000000080900000, 0x0000000080a00000, 0x0000000080a00000|100%| O|  |TAMS 0x0000000080900000| PB 0x0000000080900000| Untracked 
|  10|0x0000000080a00000, 0x0000000080b00000, 0x0000000080b00000|100%| O|  |TAMS 0x0000000080a00000| PB 0x0000000080a00000| Untracked 
|  11|0x0000000080b00000, 0x0000000080c00000, 0x0000000080c00000|100%| O|  |TAMS 0x0000000080b00000| PB 0x0000000080b00000| Untracked 
|  12|0x0000000080c00000, 0x0000000080d00000, 0x0000000080d00000|100%| O|  |TAMS 0x0000000080c00000| PB 0x0000000080c00000| Untracked 
|  13|0x0000000080d00000, 0x0000000080e00000, 0x0000000080e00000|100%| O|  |TAMS 0x0000000080d00000| PB 0x0000000080d00000| Untracked 
|  14|0x0000000080e00000, 0x0000000080f00000, 0x0000000080f00000|100%| O|  |TAMS 0x0000000080e00000| PB 0x0000000080e00000| Untracked 
|  15|0x0000000080f00000, 0x0000000081000000, 0x0000000081000000|100%| O|  |TAMS 0x0000000080f00000| PB 0x0000000080f00000| Untracked 
|  16|0x0000000081000000, 0x0000000081100000, 0x0000000081100000|100%| O|  |TAMS 0x0000000081000000| PB 0x0000000081000000| Untracked 
|  17|0x0000000081100000, 0x0000000081200000, 0x0000000081200000|100%| O|  |TAMS 0x0000000081100000| PB 0x0000000081100000| Untracked 
|  18|0x0000000081200000, 0x0000000081300000, 0x0000000081300000|100%| O|  |TAMS 0x0000000081200000| PB 0x0000000081200000| Untracked 
|  19|0x0000000081300000, 0x0000000081400000, 0x0000000081400000|100%| O|  |TAMS 0x0000000081300000| PB 0x0000000081300000| Untracked 
|  20|0x0000000081400000, 0x0000000081500000, 0x0000000081500000|100%| O|  |TAMS 0x0000000081400000| PB 0x0000000081400000| Untracked 
|  21|0x0000000081500000, 0x0000000081600000, 0x0000000081600000|100%| O|  |TAMS 0x0000000081500000| PB 0x0000000081500000| Untracked 
|  22|0x0000000081600000, 0x0000000081700000, 0x0000000081700000|100%| O|  |TAMS 0x0000000081600000| PB 0x0000000081600000| Untracked 
|  23|0x0000000081700000, 0x0000000081800000, 0x0000000081800000|100%| O|  |TAMS 0x0000000081700000| PB 0x0000000081700000| Untracked 
|  24|0x0000000081800000, 0x0000000081900000, 0x0000000081900000|100%| O|  |TAMS 0x0000000081800000| PB 0x0000000081800000| Untracked 
|  25|0x0000000081900000, 0x0000000081a00000, 0x0000000081a00000|100%| O|  |TAMS 0x0000000081900000| PB 0x0000000081900000| Untracked 
|  26|0x0000000081a00000, 0x0000000081b00000, 0x0000000081b00000|100%| O|  |TAMS 0x0000000081a00000| PB 0x0000000081a00000| Untracked 
|  27|0x0000000081b00000, 0x0000000081c00000, 0x0000000081c00000|100%| O|  |TAMS 0x0000000081b00000| PB 0x0000000081b00000| Untracked 
|  28|0x0000000081c00000, 0x0000000081d00000, 0x0000000081d00000|100%| O|  |TAMS 0x0000000081c00000| PB 0x0000000081c00000| Untracked 
|  29|0x0000000081d00000, 0x0000000081e00000, 0x0000000081e00000|100%| O|  |TAMS 0x0000000081d00000| PB 0x0000000081d00000| Untracked 
|  30|0x0000000081e00000, 0x0000000081f00000, 0x0000000081f00000|100%| O|  |TAMS 0x0000000081e00000| PB 0x0000000081e00000| Untracked 
|  31|0x0000000081f00000, 0x0000000082000000, 0x0000000082000000|100%| O|  |TAMS 0x0000000081f00000| PB 0x0000000081f00000| Untracked 
|  32|0x0000000082000000, 0x0000000082100000, 0x0000000082100000|100%| O|  |TAMS 0x0000000082000000| PB 0x0000000082000000| Untracked 
|  33|0x0000000082100000, 0x0000000082200000, 0x0000000082200000|100%| O|  |TAMS 0x0000000082100000| PB 0x0000000082100000| Untracked 
|  34|0x0000000082200000, 0x0000000082300000, 0x0000000082300000|100%|HS|  |TAMS 0x0000000082200000| PB 0x0000000082200000| Complete 
|  35|0x0000000082300000, 0x0000000082400000, 0x0000000082400000|100%|HC|  |TAMS 0x0000000082300000| PB 0x0000000082300000| Complete 
|  36|0x0000000082400000, 0x0000000082500000, 0x0000000082500000|100%| O|  |TAMS 0x0000000082400000| PB 0x0000000082400000| Untracked 
|  37|0x0000000082500000, 0x0000000082600000, 0x0000000082600000|100%| O|  |TAMS 0x0000000082500000| PB 0x0000000082500000| Untracked 
|  38|0x0000000082600000, 0x0000000082700000, 0x0000000082700000|100%|HS|  |TAMS 0x0000000082600000| PB 0x0000000082600000| Complete 
|  39|0x0000000082700000, 0x0000000082800000, 0x0000000082800000|100%| O|  |TAMS 0x0000000082700000| PB 0x0000000082700000| Untracked 
|  40|0x0000000082800000, 0x0000000082900000, 0x0000000082900000|100%| O|  |TAMS 0x0000000082800000| PB 0x0000000082800000| Untracked 
|  41|0x0000000082900000, 0x0000000082a00000, 0x0000000082a00000|100%| O|  |TAMS 0x0000000082900000| PB 0x0000000082900000| Untracked 
|  42|0x0000000082a00000, 0x0000000082b00000, 0x0000000082b00000|100%| O|  |TAMS 0x0000000082a00000| PB 0x0000000082a00000| Untracked 
|  43|0x0000000082b00000, 0x0000000082c00000, 0x0000000082c00000|100%|HS|  |TAMS 0x0000000082b00000| PB 0x0000000082b00000| Complete 
|  44|0x0000000082c00000, 0x0000000082d00000, 0x0000000082d00000|100%| O|  |TAMS 0x0000000082c00000| PB 0x0000000082c00000| Untracked 
|  45|0x0000000082d00000, 0x0000000082e00000, 0x0000000082e00000|100%| O|  |TAMS 0x0000000082d00000| PB 0x0000000082d00000| Untracked 
|  46|0x0000000082e00000, 0x0000000082f00000, 0x0000000082f00000|100%| O|  |TAMS 0x0000000082e00000| PB 0x0000000082e00000| Untracked 
|  47|0x0000000082f00000, 0x0000000083000000, 0x0000000083000000|100%| O|  |TAMS 0x0000000082f00000| PB 0x0000000082f00000| Untracked 
|  48|0x0000000083000000, 0x0000000083100000, 0x0000000083100000|100%| O|  |TAMS 0x0000000083000000| PB 0x0000000083000000| Untracked 
|  49|0x0000000083100000, 0x0000000083200000, 0x0000000083200000|100%| O|  |TAMS 0x0000000083100000| PB 0x0000000083100000| Untracked 
|  50|0x0000000083200000, 0x0000000083300000, 0x0000000083300000|100%|HS|  |TAMS 0x0000000083200000| PB 0x0000000083200000| Complete 
|  51|0x0000000083300000, 0x0000000083400000, 0x0000000083400000|100%|HS|  |TAMS 0x0000000083300000| PB 0x0000000083300000| Complete 
|  52|0x0000000083400000, 0x0000000083500000, 0x0000000083500000|100%| O|  |TAMS 0x0000000083400000| PB 0x0000000083400000| Untracked 
|  53|0x0000000083500000, 0x0000000083600000, 0x0000000083600000|100%| O|  |TAMS 0x0000000083500000| PB 0x0000000083500000| Untracked 
|  54|0x0000000083600000, 0x0000000083700000, 0x0000000083700000|100%| O|  |TAMS 0x0000000083600000| PB 0x0000000083600000| Untracked 
|  55|0x0000000083700000, 0x0000000083800000, 0x0000000083800000|100%| O|  |TAMS 0x0000000083700000| PB 0x0000000083700000| Untracked 
|  56|0x0000000083800000, 0x0000000083900000, 0x0000000083900000|100%| O|  |TAMS 0x0000000083800000| PB 0x0000000083800000| Untracked 
|  57|0x0000000083900000, 0x0000000083a00000, 0x0000000083a00000|100%| O|  |TAMS 0x0000000083900000| PB 0x0000000083900000| Untracked 
|  58|0x0000000083a00000, 0x0000000083b00000, 0x0000000083b00000|100%| O|  |TAMS 0x0000000083a00000| PB 0x0000000083a00000| Untracked 
|  59|0x0000000083b00000, 0x0000000083c00000, 0x0000000083c00000|100%| O|  |TAMS 0x0000000083b00000| PB 0x0000000083b00000| Untracked 
|  60|0x0000000083c00000, 0x0000000083d00000, 0x0000000083d00000|100%| O|  |TAMS 0x0000000083c00000| PB 0x0000000083c00000| Untracked 
|  61|0x0000000083d00000, 0x0000000083e00000, 0x0000000083e00000|100%|HS|  |TAMS 0x0000000083d00000| PB 0x0000000083d00000| Complete 
|  62|0x0000000083e00000, 0x0000000083f00000, 0x0000000083f00000|100%| O|  |TAMS 0x0000000083e00000| PB 0x0000000083e00000| Untracked 
|  63|0x0000000083f00000, 0x0000000084000000, 0x0000000084000000|100%|HS|  |TAMS 0x0000000083f00000| PB 0x0000000083f00000| Complete 
|  64|0x0000000084000000, 0x0000000084100000, 0x0000000084100000|100%| O|  |TAMS 0x0000000084000000| PB 0x0000000084000000| Untracked 
|  65|0x0000000084100000, 0x0000000084200000, 0x0000000084200000|100%| O|  |TAMS 0x0000000084100000| PB 0x0000000084100000| Untracked 
|  66|0x0000000084200000, 0x0000000084300000, 0x0000000084300000|100%| O|  |TAMS 0x0000000084200000| PB 0x0000000084200000| Untracked 
|  67|0x0000000084300000, 0x0000000084400000, 0x0000000084400000|100%| O|  |TAMS 0x0000000084300000| PB 0x0000000084300000| Untracked 
|  68|0x0000000084400000, 0x0000000084500000, 0x0000000084500000|100%| O|  |TAMS 0x0000000084400000| PB 0x0000000084400000| Untracked 
|  69|0x0000000084500000, 0x0000000084600000, 0x0000000084600000|100%| O|  |TAMS 0x0000000084500000| PB 0x0000000084500000| Untracked 
|  70|0x0000000084600000, 0x0000000084700000, 0x0000000084700000|100%| O|  |TAMS 0x0000000084600000| PB 0x0000000084600000| Untracked 
|  71|0x0000000084700000, 0x0000000084800000, 0x0000000084800000|100%| O|  |TAMS 0x0000000084700000| PB 0x0000000084700000| Untracked 
|  72|0x0000000084800000, 0x0000000084900000, 0x0000000084900000|100%| O|  |TAMS 0x0000000084800000| PB 0x0000000084800000| Untracked 
|  73|0x0000000084900000, 0x0000000084a00000, 0x0000000084a00000|100%|HS|  |TAMS 0x0000000084900000| PB 0x0000000084900000| Complete 
|  74|0x0000000084a00000, 0x0000000084b00000, 0x0000000084b00000|100%| O|  |TAMS 0x0000000084a00000| PB 0x0000000084a00000| Untracked 
|  75|0x0000000084b00000, 0x0000000084c00000, 0x0000000084c00000|100%| O|  |TAMS 0x0000000084b00000| PB 0x0000000084b00000| Untracked 
|  76|0x0000000084c00000, 0x0000000084d00000, 0x0000000084d00000|100%| O|  |TAMS 0x0000000084c00000| PB 0x0000000084c00000| Untracked 
|  77|0x0000000084d00000, 0x0000000084e00000, 0x0000000084e00000|100%| O|  |TAMS 0x0000000084d00000| PB 0x0000000084d00000| Untracked 
|  78|0x0000000084e00000, 0x0000000084f00000, 0x0000000084f00000|100%| O|  |TAMS 0x0000000084e00000| PB 0x0000000084e00000| Untracked 
|  79|0x0000000084f00000, 0x0000000085000000, 0x0000000085000000|100%| O|  |TAMS 0x0000000084f00000| PB 0x0000000084f00000| Untracked 
|  80|0x0000000085000000, 0x0000000085100000, 0x0000000085100000|100%| O|  |TAMS 0x0000000085000000| PB 0x0000000085000000| Untracked 
|  81|0x0000000085100000, 0x0000000085200000, 0x0000000085200000|100%| O|  |TAMS 0x0000000085100000| PB 0x0000000085100000| Untracked 
|  82|0x0000000085200000, 0x0000000085300000, 0x0000000085300000|100%| O|  |TAMS 0x0000000085200000| PB 0x0000000085200000| Untracked 
|  83|0x0000000085300000, 0x0000000085400000, 0x0000000085400000|100%| O|  |TAMS 0x0000000085300000| PB 0x0000000085300000| Untracked 
|  84|0x0000000085400000, 0x0000000085500000, 0x0000000085500000|100%| O|  |TAMS 0x0000000085400000| PB 0x0000000085400000| Untracked 
|  85|0x0000000085500000, 0x0000000085600000, 0x0000000085600000|100%| O|  |TAMS 0x0000000085500000| PB 0x0000000085500000| Untracked 
|  86|0x0000000085600000, 0x0000000085700000, 0x0000000085700000|100%| O|  |TAMS 0x0000000085600000| PB 0x0000000085600000| Untracked 
|  87|0x0000000085700000, 0x0000000085800000, 0x0000000085800000|100%| O|  |TAMS 0x0000000085700000| PB 0x0000000085700000| Untracked 
|  88|0x0000000085800000, 0x0000000085900000, 0x0000000085900000|100%| O|  |TAMS 0x0000000085800000| PB 0x0000000085800000| Untracked 
|  89|0x0000000085900000, 0x0000000085a00000, 0x0000000085a00000|100%| O|  |TAMS 0x0000000085900000| PB 0x0000000085900000| Untracked 
|  90|0x0000000085a00000, 0x0000000085b00000, 0x0000000085b00000|100%| O|  |TAMS 0x0000000085a00000| PB 0x0000000085a00000| Untracked 
|  91|0x0000000085b00000, 0x0000000085c00000, 0x0000000085c00000|100%| O|  |TAMS 0x0000000085b00000| PB 0x0000000085b00000| Untracked 
|  92|0x0000000085c00000, 0x0000000085d00000, 0x0000000085d00000|100%| O|  |TAMS 0x0000000085c00000| PB 0x0000000085c00000| Untracked 
|  93|0x0000000085d00000, 0x0000000085e00000, 0x0000000085e00000|100%|HS|  |TAMS 0x0000000085d00000| PB 0x0000000085d00000| Complete 
|  94|0x0000000085e00000, 0x0000000085f00000, 0x0000000085f00000|100%|HS|  |TAMS 0x0000000085e00000| PB 0x0000000085e00000| Complete 
|  95|0x0000000085f00000, 0x0000000086000000, 0x0000000086000000|100%|HS|  |TAMS 0x0000000085f00000| PB 0x0000000085f00000| Complete 
|  96|0x0000000086000000, 0x0000000086100000, 0x0000000086100000|100%| O|  |TAMS 0x0000000086000000| PB 0x0000000086000000| Untracked 
|  97|0x0000000086100000, 0x0000000086200000, 0x0000000086200000|100%| O|  |TAMS 0x0000000086100000| PB 0x0000000086100000| Untracked 
|  98|0x0000000086200000, 0x0000000086300000, 0x0000000086300000|100%| O|  |TAMS 0x0000000086200000| PB 0x0000000086200000| Untracked 
|  99|0x0000000086300000, 0x0000000086400000, 0x0000000086400000|100%| O|  |TAMS 0x0000000086300000| PB 0x0000000086300000| Untracked 
| 100|0x0000000086400000, 0x0000000086500000, 0x0000000086500000|100%| O|Cm|TAMS 0x0000000086400000| PB 0x0000000086400000| Complete 
| 101|0x0000000086500000, 0x0000000086600000, 0x0000000086600000|100%| O|Cm|TAMS 0x0000000086500000| PB 0x0000000086500000| Complete 
| 102|0x0000000086600000, 0x0000000086700000, 0x0000000086700000|100%| O|  |TAMS 0x0000000086600000| PB 0x0000000086600000| Untracked 
| 103|0x0000000086700000, 0x0000000086800000, 0x0000000086800000|100%|HS|  |TAMS 0x0000000086700000| PB 0x0000000086700000| Complete 
| 104|0x0000000086800000, 0x0000000086900000, 0x0000000086900000|100%| O|  |TAMS 0x0000000086800000| PB 0x0000000086800000| Untracked 
| 105|0x0000000086900000, 0x0000000086a00000, 0x0000000086a00000|100%| O|Cm|TAMS 0x0000000086900000| PB 0x0000000086900000| Complete 
| 106|0x0000000086a00000, 0x0000000086b00000, 0x0000000086b00000|100%| O|  |TAMS 0x0000000086a00000| PB 0x0000000086a00000| Untracked 
| 107|0x0000000086b00000, 0x0000000086c00000, 0x0000000086c00000|100%| O|  |TAMS 0x0000000086b00000| PB 0x0000000086b00000| Untracked 
| 108|0x0000000086c00000, 0x0000000086d00000, 0x0000000086d00000|100%| O|  |TAMS 0x0000000086c00000| PB 0x0000000086c00000| Untracked 
| 109|0x0000000086d00000, 0x0000000086e00000, 0x0000000086e00000|100%| O|  |TAMS 0x0000000086d00000| PB 0x0000000086d00000| Untracked 
| 110|0x0000000086e00000, 0x0000000086f00000, 0x0000000086f00000|100%| O|  |TAMS 0x0000000086e00000| PB 0x0000000086e00000| Untracked 
| 111|0x0000000086f00000, 0x0000000087000000, 0x0000000087000000|100%| O|  |TAMS 0x0000000086f00000| PB 0x0000000086f00000| Untracked 
| 112|0x0000000087000000, 0x0000000087100000, 0x0000000087100000|100%| O|  |TAMS 0x0000000087000000| PB 0x0000000087000000| Untracked 
| 113|0x0000000087100000, 0x0000000087200000, 0x0000000087200000|100%| O|  |TAMS 0x0000000087100000| PB 0x0000000087100000| Untracked 
| 114|0x0000000087200000, 0x0000000087300000, 0x0000000087300000|100%| O|  |TAMS 0x0000000087200000| PB 0x0000000087200000| Untracked 
| 115|0x0000000087300000, 0x0000000087400000, 0x0000000087400000|100%| O|  |TAMS 0x0000000087300000| PB 0x0000000087300000| Untracked 
| 116|0x0000000087400000, 0x0000000087500000, 0x0000000087500000|100%| O|  |TAMS 0x0000000087400000| PB 0x0000000087400000| Untracked 
| 117|0x0000000087500000, 0x0000000087600000, 0x0000000087600000|100%| O|  |TAMS 0x0000000087500000| PB 0x0000000087500000| Untracked 
| 118|0x0000000087600000, 0x0000000087700000, 0x0000000087700000|100%| O|  |TAMS 0x0000000087600000| PB 0x0000000087600000| Untracked 
| 119|0x0000000087700000, 0x0000000087800000, 0x0000000087800000|100%| O|  |TAMS 0x0000000087700000| PB 0x0000000087700000| Untracked 
| 120|0x0000000087800000, 0x0000000087900000, 0x0000000087900000|100%| O|  |TAMS 0x0000000087800000| PB 0x0000000087800000| Untracked 
| 121|0x0000000087900000, 0x0000000087a00000, 0x0000000087a00000|100%| O|  |TAMS 0x0000000087900000| PB 0x0000000087900000| Untracked 
| 122|0x0000000087a00000, 0x0000000087b00000, 0x0000000087b00000|100%| O|  |TAMS 0x0000000087a00000| PB 0x0000000087a00000| Untracked 
| 123|0x0000000087b00000, 0x0000000087c00000, 0x0000000087c00000|100%| O|  |TAMS 0x0000000087b00000| PB 0x0000000087b00000| Untracked 
| 124|0x0000000087c00000, 0x0000000087d00000, 0x0000000087d00000|100%| O|  |TAMS 0x0000000087c00000| PB 0x0000000087c00000| Untracked 
| 125|0x0000000087d00000, 0x0000000087e00000, 0x0000000087e00000|100%| O|  |TAMS 0x0000000087d00000| PB 0x0000000087d00000| Untracked 
| 126|0x0000000087e00000, 0x0000000087f00000, 0x0000000087f00000|100%| O|  |TAMS 0x0000000087e00000| PB 0x0000000087e00000| Untracked 
| 127|0x0000000087f00000, 0x0000000088000000, 0x0000000088000000|100%| O|  |TAMS 0x0000000087f00000| PB 0x0000000087f00000| Untracked 
| 128|0x0000000088000000, 0x0000000088100000, 0x0000000088100000|100%| O|  |TAMS 0x0000000088000000| PB 0x0000000088000000| Untracked 
| 129|0x0000000088100000, 0x0000000088200000, 0x0000000088200000|100%| O|  |TAMS 0x0000000088100000| PB 0x0000000088100000| Untracked 
| 130|0x0000000088200000, 0x0000000088200000, 0x0000000088300000|  0%| F|  |TAMS 0x0000000088200000| PB 0x0000000088200000| Untracked 
| 131|0x0000000088300000, 0x0000000088300000, 0x0000000088400000|  0%| F|  |TAMS 0x0000000088300000| PB 0x0000000088300000| Untracked 
| 132|0x0000000088400000, 0x0000000088400000, 0x0000000088500000|  0%| F|  |TAMS 0x0000000088400000| PB 0x0000000088400000| Untracked 
| 133|0x0000000088500000, 0x0000000088500000, 0x0000000088600000|  0%| F|  |TAMS 0x0000000088500000| PB 0x0000000088500000| Untracked 
| 134|0x0000000088600000, 0x0000000088600000, 0x0000000088700000|  0%| F|  |TAMS 0x0000000088600000| PB 0x0000000088600000| Untracked 
| 135|0x0000000088700000, 0x0000000088800000, 0x0000000088800000|100%| O|  |TAMS 0x0000000088700000| PB 0x0000000088700000| Untracked 
| 136|0x0000000088800000, 0x0000000088800000, 0x0000000088900000|  0%| F|  |TAMS 0x0000000088800000| PB 0x0000000088800000| Untracked 
| 137|0x0000000088900000, 0x0000000088900000, 0x0000000088a00000|  0%| F|  |TAMS 0x0000000088900000| PB 0x0000000088900000| Untracked 
| 138|0x0000000088a00000, 0x0000000088a00000, 0x0000000088b00000|  0%| F|  |TAMS 0x0000000088a00000| PB 0x0000000088a00000| Untracked 
| 139|0x0000000088b00000, 0x0000000088b00000, 0x0000000088c00000|  0%| F|  |TAMS 0x0000000088b00000| PB 0x0000000088b00000| Untracked 
| 140|0x0000000088c00000, 0x0000000088c00000, 0x0000000088d00000|  0%| F|  |TAMS 0x0000000088c00000| PB 0x0000000088c00000| Untracked 
| 141|0x0000000088d00000, 0x0000000088d00000, 0x0000000088e00000|  0%| F|  |TAMS 0x0000000088d00000| PB 0x0000000088d00000| Untracked 
| 142|0x0000000088e00000, 0x0000000088e00000, 0x0000000088f00000|  0%| F|  |TAMS 0x0000000088e00000| PB 0x0000000088e00000| Untracked 
| 143|0x0000000088f00000, 0x0000000088f00000, 0x0000000089000000|  0%| F|  |TAMS 0x0000000088f00000| PB 0x0000000088f00000| Untracked 
| 144|0x0000000089000000, 0x0000000089000000, 0x0000000089100000|  0%| F|  |TAMS 0x0000000089000000| PB 0x0000000089000000| Untracked 
| 145|0x0000000089100000, 0x0000000089100000, 0x0000000089200000|  0%| F|  |TAMS 0x0000000089100000| PB 0x0000000089100000| Untracked 
| 146|0x0000000089200000, 0x0000000089200000, 0x0000000089300000|  0%| F|  |TAMS 0x0000000089200000| PB 0x0000000089200000| Untracked 
| 147|0x0000000089300000, 0x0000000089300000, 0x0000000089400000|  0%| F|  |TAMS 0x0000000089300000| PB 0x0000000089300000| Untracked 
| 148|0x0000000089400000, 0x0000000089400000, 0x0000000089500000|  0%| F|  |TAMS 0x0000000089400000| PB 0x0000000089400000| Untracked 
| 149|0x0000000089500000, 0x0000000089500000, 0x0000000089600000|  0%| F|  |TAMS 0x0000000089500000| PB 0x0000000089500000| Untracked 
| 150|0x0000000089600000, 0x0000000089600000, 0x0000000089700000|  0%| F|  |TAMS 0x0000000089600000| PB 0x0000000089600000| Untracked 
| 151|0x0000000089700000, 0x0000000089700000, 0x0000000089800000|  0%| F|  |TAMS 0x0000000089700000| PB 0x0000000089700000| Untracked 
| 152|0x0000000089800000, 0x0000000089800000, 0x0000000089900000|  0%| F|  |TAMS 0x0000000089800000| PB 0x0000000089800000| Untracked 
| 153|0x0000000089900000, 0x0000000089900000, 0x0000000089a00000|  0%| F|  |TAMS 0x0000000089900000| PB 0x0000000089900000| Untracked 
| 154|0x0000000089a00000, 0x0000000089a00000, 0x0000000089b00000|  0%| F|  |TAMS 0x0000000089a00000| PB 0x0000000089a00000| Untracked 
| 155|0x0000000089b00000, 0x0000000089b00000, 0x0000000089c00000|  0%| F|  |TAMS 0x0000000089b00000| PB 0x0000000089b00000| Untracked 
| 156|0x0000000089c00000, 0x0000000089c00000, 0x0000000089d00000|  0%| F|  |TAMS 0x0000000089c00000| PB 0x0000000089c00000| Untracked 
| 157|0x0000000089d00000, 0x0000000089d00000, 0x0000000089e00000|  0%| F|  |TAMS 0x0000000089d00000| PB 0x0000000089d00000| Untracked 
| 158|0x0000000089e00000, 0x0000000089e00000, 0x0000000089f00000|  0%| F|  |TAMS 0x0000000089e00000| PB 0x0000000089e00000| Untracked 
| 159|0x0000000089f00000, 0x0000000089f00000, 0x000000008a000000|  0%| F|  |TAMS 0x0000000089f00000| PB 0x0000000089f00000| Untracked 
| 160|0x000000008a000000, 0x000000008a000000, 0x000000008a100000|  0%| F|  |TAMS 0x000000008a000000| PB 0x000000008a000000| Untracked 
| 161|0x000000008a100000, 0x000000008a100000, 0x000000008a200000|  0%| F|  |TAMS 0x000000008a100000| PB 0x000000008a100000| Untracked 
| 162|0x000000008a200000, 0x000000008a300000, 0x000000008a300000|100%| S|CS|TAMS 0x000000008a200000| PB 0x000000008a200000| Complete 
| 163|0x000000008a300000, 0x000000008a400000, 0x000000008a400000|100%| S|CS|TAMS 0x000000008a300000| PB 0x000000008a300000| Complete 
| 164|0x000000008a400000, 0x000000008a500000, 0x000000008a500000|100%| S|CS|TAMS 0x000000008a400000| PB 0x000000008a400000| Complete 
| 165|0x000000008a500000, 0x000000008a600000, 0x000000008a600000|100%| S|CS|TAMS 0x000000008a500000| PB 0x000000008a500000| Complete 
| 166|0x000000008a600000, 0x000000008a700000, 0x000000008a700000|100%| S|CS|TAMS 0x000000008a600000| PB 0x000000008a600000| Complete 
| 167|0x000000008a700000, 0x000000008a800000, 0x000000008a800000|100%| S|CS|TAMS 0x000000008a700000| PB 0x000000008a700000| Complete 
| 168|0x000000008a800000, 0x000000008a900000, 0x000000008a900000|100%| S|CS|TAMS 0x000000008a800000| PB 0x000000008a800000| Complete 
| 169|0x000000008a900000, 0x000000008aa00000, 0x000000008aa00000|100%| S|CS|TAMS 0x000000008a900000| PB 0x000000008a900000| Complete 
| 170|0x000000008aa00000, 0x000000008aa00000, 0x000000008ab00000|  0%| F|  |TAMS 0x000000008aa00000| PB 0x000000008aa00000| Untracked 
| 171|0x000000008ab00000, 0x000000008ab00000, 0x000000008ac00000|  0%| F|  |TAMS 0x000000008ab00000| PB 0x000000008ab00000| Untracked 
| 172|0x000000008ac00000, 0x000000008ac80000, 0x000000008ad00000| 50%| E|  |TAMS 0x000000008ac00000| PB 0x000000008ac00000| Complete 
| 173|0x000000008ad00000, 0x000000008ae00000, 0x000000008ae00000|100%| E|CS|TAMS 0x000000008ad00000| PB 0x000000008ad00000| Complete 
| 174|0x000000008ae00000, 0x000000008af00000, 0x000000008af00000|100%| E|CS|TAMS 0x000000008ae00000| PB 0x000000008ae00000| Complete 
| 175|0x000000008af00000, 0x000000008b000000, 0x000000008b000000|100%| E|CS|TAMS 0x000000008af00000| PB 0x000000008af00000| Complete 
| 176|0x000000008b000000, 0x000000008b100000, 0x000000008b100000|100%| E|CS|TAMS 0x000000008b000000| PB 0x000000008b000000| Complete 
| 177|0x000000008b100000, 0x000000008b200000, 0x000000008b200000|100%| E|  |TAMS 0x000000008b100000| PB 0x000000008b100000| Complete 
| 178|0x000000008b200000, 0x000000008b300000, 0x000000008b300000|100%| E|CS|TAMS 0x000000008b200000| PB 0x000000008b200000| Complete 
| 179|0x000000008b300000, 0x000000008b400000, 0x000000008b400000|100%| E|CS|TAMS 0x000000008b300000| PB 0x000000008b300000| Complete 
| 180|0x000000008b400000, 0x000000008b500000, 0x000000008b500000|100%| E|CS|TAMS 0x000000008b400000| PB 0x000000008b400000| Complete 
| 181|0x000000008b500000, 0x000000008b600000, 0x000000008b600000|100%| E|CS|TAMS 0x000000008b500000| PB 0x000000008b500000| Complete 
| 182|0x000000008b600000, 0x000000008b700000, 0x000000008b700000|100%| E|CS|TAMS 0x000000008b600000| PB 0x000000008b600000| Complete 
| 183|0x000000008b700000, 0x000000008b800000, 0x000000008b800000|100%| E|CS|TAMS 0x000000008b700000| PB 0x000000008b700000| Complete 
| 184|0x000000008b800000, 0x000000008b900000, 0x000000008b900000|100%| E|CS|TAMS 0x000000008b800000| PB 0x000000008b800000| Complete 
| 185|0x000000008b900000, 0x000000008ba00000, 0x000000008ba00000|100%| E|CS|TAMS 0x000000008b900000| PB 0x000000008b900000| Complete 
| 186|0x000000008ba00000, 0x000000008bb00000, 0x000000008bb00000|100%| E|CS|TAMS 0x000000008ba00000| PB 0x000000008ba00000| Complete 
| 187|0x000000008bb00000, 0x000000008bc00000, 0x000000008bc00000|100%| E|CS|TAMS 0x000000008bb00000| PB 0x000000008bb00000| Complete 
| 188|0x000000008bc00000, 0x000000008bd00000, 0x000000008bd00000|100%| E|CS|TAMS 0x000000008bc00000| PB 0x000000008bc00000| Complete 
| 189|0x000000008bd00000, 0x000000008be00000, 0x000000008be00000|100%| E|CS|TAMS 0x000000008bd00000| PB 0x000000008bd00000| Complete 
| 190|0x000000008be00000, 0x000000008bf00000, 0x000000008bf00000|100%| E|CS|TAMS 0x000000008be00000| PB 0x000000008be00000| Complete 
| 191|0x000000008bf00000, 0x000000008c000000, 0x000000008c000000|100%| E|CS|TAMS 0x000000008bf00000| PB 0x000000008bf00000| Complete 
| 192|0x000000008c000000, 0x000000008c100000, 0x000000008c100000|100%| E|CS|TAMS 0x000000008c000000| PB 0x000000008c000000| Complete 
| 193|0x000000008c100000, 0x000000008c200000, 0x000000008c200000|100%| E|CS|TAMS 0x000000008c100000| PB 0x000000008c100000| Complete 
| 194|0x000000008c200000, 0x000000008c300000, 0x000000008c300000|100%| E|CS|TAMS 0x000000008c200000| PB 0x000000008c200000| Complete 
| 195|0x000000008c300000, 0x000000008c400000, 0x000000008c400000|100%| E|CS|TAMS 0x000000008c300000| PB 0x000000008c300000| Complete 
| 196|0x000000008c400000, 0x000000008c500000, 0x000000008c500000|100%| E|CS|TAMS 0x000000008c400000| PB 0x000000008c400000| Complete 
| 197|0x000000008c500000, 0x000000008c600000, 0x000000008c600000|100%| E|CS|TAMS 0x000000008c500000| PB 0x000000008c500000| Complete 
| 198|0x000000008c600000, 0x000000008c700000, 0x000000008c700000|100%| E|CS|TAMS 0x000000008c600000| PB 0x000000008c600000| Complete 
| 199|0x000000008c700000, 0x000000008c800000, 0x000000008c800000|100%| E|CS|TAMS 0x000000008c700000| PB 0x000000008c700000| Complete 
| 200|0x000000008c800000, 0x000000008c900000, 0x000000008c900000|100%| E|CS|TAMS 0x000000008c800000| PB 0x000000008c800000| Complete 
| 201|0x000000008c900000, 0x000000008ca00000, 0x000000008ca00000|100%| E|CS|TAMS 0x000000008c900000| PB 0x000000008c900000| Complete 
| 202|0x000000008ca00000, 0x000000008cb00000, 0x000000008cb00000|100%| E|CS|TAMS 0x000000008ca00000| PB 0x000000008ca00000| Complete 
| 203|0x000000008cb00000, 0x000000008cc00000, 0x000000008cc00000|100%| E|CS|TAMS 0x000000008cb00000| PB 0x000000008cb00000| Complete 
| 204|0x000000008cc00000, 0x000000008cd00000, 0x000000008cd00000|100%| E|CS|TAMS 0x000000008cc00000| PB 0x000000008cc00000| Complete 
| 205|0x000000008cd00000, 0x000000008ce00000, 0x000000008ce00000|100%| E|CS|TAMS 0x000000008cd00000| PB 0x000000008cd00000| Complete 
| 206|0x000000008ce00000, 0x000000008cf00000, 0x000000008cf00000|100%| E|CS|TAMS 0x000000008ce00000| PB 0x000000008ce00000| Complete 
| 207|0x000000008cf00000, 0x000000008d000000, 0x000000008d000000|100%| E|CS|TAMS 0x000000008cf00000| PB 0x000000008cf00000| Complete 
| 208|0x000000008d000000, 0x000000008d100000, 0x000000008d100000|100%| E|CS|TAMS 0x000000008d000000| PB 0x000000008d000000| Complete 
| 209|0x000000008d100000, 0x000000008d200000, 0x000000008d200000|100%| E|CS|TAMS 0x000000008d100000| PB 0x000000008d100000| Complete 
| 210|0x000000008d200000, 0x000000008d300000, 0x000000008d300000|100%| E|CS|TAMS 0x000000008d200000| PB 0x000000008d200000| Complete 
| 211|0x000000008d300000, 0x000000008d400000, 0x000000008d400000|100%| E|CS|TAMS 0x000000008d300000| PB 0x000000008d300000| Complete 
| 212|0x000000008d400000, 0x000000008d500000, 0x000000008d500000|100%| E|CS|TAMS 0x000000008d400000| PB 0x000000008d400000| Complete 
| 213|0x000000008d500000, 0x000000008d600000, 0x000000008d600000|100%| E|CS|TAMS 0x000000008d500000| PB 0x000000008d500000| Complete 
| 214|0x000000008d600000, 0x000000008d700000, 0x000000008d700000|100%| E|CS|TAMS 0x000000008d600000| PB 0x000000008d600000| Complete 
| 215|0x000000008d700000, 0x000000008d800000, 0x000000008d800000|100%| E|CS|TAMS 0x000000008d700000| PB 0x000000008d700000| Complete 
| 216|0x000000008d800000, 0x000000008d900000, 0x000000008d900000|100%| E|CS|TAMS 0x000000008d800000| PB 0x000000008d800000| Complete 
| 217|0x000000008d900000, 0x000000008da00000, 0x000000008da00000|100%| E|CS|TAMS 0x000000008d900000| PB 0x000000008d900000| Complete 
| 218|0x000000008da00000, 0x000000008db00000, 0x000000008db00000|100%| E|CS|TAMS 0x000000008da00000| PB 0x000000008da00000| Complete 
| 219|0x000000008db00000, 0x000000008dc00000, 0x000000008dc00000|100%| E|CS|TAMS 0x000000008db00000| PB 0x000000008db00000| Complete 
| 220|0x000000008dc00000, 0x000000008dd00000, 0x000000008dd00000|100%| E|CS|TAMS 0x000000008dc00000| PB 0x000000008dc00000| Complete 
|2037|0x00000000ff500000, 0x00000000ff600000, 0x00000000ff600000|100%| E|CS|TAMS 0x00000000ff500000| PB 0x00000000ff500000| Complete 
|2038|0x00000000ff600000, 0x00000000ff700000, 0x00000000ff700000|100%| O|Cm|TAMS 0x00000000ff600000| PB 0x00000000ff600000| Complete 
|2039|0x00000000ff700000, 0x00000000ff800000, 0x00000000ff800000|100%| O|  |TAMS 0x00000000ff700000| PB 0x00000000ff700000| Untracked 
|2040|0x00000000ff800000, 0x00000000ff900000, 0x00000000ff900000|100%| O|  |TAMS 0x00000000ff800000| PB 0x00000000ff800000| Untracked 
|2041|0x00000000ff900000, 0x00000000ffa00000, 0x00000000ffa00000|100%| O|  |TAMS 0x00000000ff900000| PB 0x00000000ff900000| Untracked 
|2042|0x00000000ffa00000, 0x00000000ffb00000, 0x00000000ffb00000|100%| E|CS|TAMS 0x00000000ffa00000| PB 0x00000000ffa00000| Complete 
|2043|0x00000000ffb00000, 0x00000000ffc00000, 0x00000000ffc00000|100%| O|  |TAMS 0x00000000ffb00000| PB 0x00000000ffb00000| Untracked 
|2044|0x00000000ffc00000, 0x00000000ffd00000, 0x00000000ffd00000|100%| E|CS|TAMS 0x00000000ffc00000| PB 0x00000000ffc00000| Complete 
|2045|0x00000000ffd00000, 0x00000000ffe00000, 0x00000000ffe00000|100%| E|CS|TAMS 0x00000000ffd00000| PB 0x00000000ffd00000| Complete 
|2046|0x00000000ffe00000, 0x00000000fff00000, 0x00000000fff00000|100%| O|  |TAMS 0x00000000ffe00000| PB 0x00000000ffe00000| Untracked 
|2047|0x00000000fff00000, 0x0000000100000000, 0x0000000100000000|100%| O|  |TAMS 0x00000000fff00000| PB 0x00000000fff00000| Untracked 

Card table byte_map: [0x00000276b7300000,0x00000276b7700000] _byte_map_base: 0x00000276b6f00000

Marking Bits: (CMBitMap*) 0x00000276a2a3e600
 Bits: [0x00000276b7700000, 0x00000276b9700000)

Polling page: 0x00000276a2b90000

Metaspace:

Usage:
  Non-class:    102.15 MB used.
      Class:     16.56 MB used.
       Both:    118.71 MB used.

Virtual space:
  Non-class space:      128.00 MB reserved,     103.44 MB ( 81%) committed,  2 nodes.
      Class space:        1.00 GB reserved,      17.75 MB (  2%) committed,  1 nodes.
             Both:        1.12 GB reserved,     121.19 MB ( 11%) committed. 

Chunk freelists:
   Non-Class:  7.91 MB
       Class:  14.24 MB
        Both:  22.14 MB

MaxMetaspaceSize: unlimited
CompressedClassSpaceSize: 1.00 GB
Initial GC threshold: 21.00 MB
Current GC threshold: 199.19 MB
CDS: off
 - commit_granule_bytes: 65536.
 - commit_granule_words: 8192.
 - virtual_space_node_default_size: 8388608.
 - enlarge_chunks_in_place: 1.
 - use_allocation_guard: 0.


Internal statistics:

num_allocs_failed_limit: 6.
num_arena_births: 4692.
num_arena_deaths: 2.
num_vsnodes_births: 3.
num_vsnodes_deaths: 0.
num_space_committed: 1939.
num_space_uncommitted: 0.
num_chunks_returned_to_freelist: 12.
num_chunks_taken_from_freelist: 9997.
num_chunk_merges: 7.
num_chunk_splits: 6482.
num_chunks_enlarged: 4033.
num_inconsistent_stats: 0.

CodeHeap 'non-profiled nmethods': size=120000Kb used=10526Kb max_used=10526Kb free=109473Kb
 bounds [0x00000276af9d0000, 0x00000276b0420000, 0x00000276b6f00000]
CodeHeap 'profiled nmethods': size=120000Kb used=25976Kb max_used=25976Kb free=94023Kb
 bounds [0x00000276a7f00000, 0x00000276a9860000, 0x00000276af430000]
CodeHeap 'non-nmethods': size=5760Kb used=2289Kb max_used=2343Kb free=3470Kb
 bounds [0x00000276af430000, 0x00000276af6a0000, 0x00000276af9d0000]
CodeCache: size=245760Kb, used=38791Kb, max_used=38845Kb, free=206966Kb
 total_blobs=14828, nmethods=13897, adapters=834, full_count=0
Compilation: enabled, stopped_count=0, restarted_count=0

Compilation events (20 events):
Event: 54.096 Thread 0x00000276c00b93c0 16798       3       org.gradle.invocation.DefaultGradle_Decorated::getProperty (11 bytes)
Event: 54.096 Thread 0x00000276c00b93c0 nmethod 16798 0x00000276a9813e10 code [0x00000276a9813fe0, 0x00000276a9814200]
Event: 54.096 Thread 0x00000276c00b93c0 16799   !   3       SetupUtpTestResultListenerAction$_execute_closure1::doCall (19 bytes)
Event: 54.096 Thread 0x00000276c00b93c0 nmethod 16799 0x00000276a9814310 code [0x00000276a9814580, 0x00000276a98150d8]
Event: 54.096 Thread 0x00000276c00b93c0 16801       3       java.lang.invoke.LambdaForm$MH/0x00000001011b2800::invoke (42 bytes)
Event: 54.096 Thread 0x00000276c00b93c0 nmethod 16801 0x00000276a9815490 code [0x00000276a98156e0, 0x00000276a98160b8]
Event: 54.096 Thread 0x00000276c00b93c0 16800   !   3       SetupUtpTestResultListenerAction$_execute_closure1::doCall$original (496 bytes)
Event: 54.102 Thread 0x00000276c00b93c0 nmethod 16800 0x00000276a9816390 code [0x00000276a98178a0, 0x00000276a98262e0]
Event: 54.102 Thread 0x00000276c00b93c0 16804       3       org.codehaus.groovy.runtime.MetaClassHelper::sameClasses (48 bytes)
Event: 54.102 Thread 0x00000276c00b93c0 nmethod 16804 0x00000276a982a090 code [0x00000276a982a280, 0x00000276a982a8a0]
Event: 54.102 Thread 0x00000276c00b93c0 16802       3       org.gradle.internal.extensibility.MixInClosurePropertiesAsMethodsDynamicObject::<init> (5 bytes)
Event: 54.102 Thread 0x00000276c00b93c0 nmethod 16802 0x00000276a982aa90 code [0x00000276a982ac60, 0x00000276a982af68]
Event: 54.102 Thread 0x00000276c00b93c0 16803       3       org.gradle.internal.extensibility.ExtraPropertiesDynamicObjectAdapter::<init> (15 bytes)
Event: 54.102 Thread 0x00000276c00b93c0 nmethod 16803 0x00000276a982b090 code [0x00000276a982b240, 0x00000276a982b4c0]
Event: 54.102 Thread 0x00000276c00b93c0 16805       3       org.gradle.util.internal.DefaultGradleVersion::parseStage (92 bytes)
Event: 54.102 Thread 0x00000276c00b93c0 nmethod 16805 0x00000276a982b590 code [0x00000276a982b860, 0x00000276a982bfe0]
Event: 54.102 Thread 0x00000276c00b93c0 16806   !   3       org.gradle.util.internal.DefaultGradleVersion::parseSnapshot (132 bytes)
Event: 54.103 Thread 0x00000276c00b93c0 nmethod 16806 0x00000276a982c310 code [0x00000276a982c6c0, 0x00000276a982d970]
Event: 54.103 Thread 0x00000276c00b93c0 16807       3       groovy.lang.MetaMethod::isMethod (59 bytes)
Event: 54.103 Thread 0x00000276c00b93c0 nmethod 16807 0x00000276a982e290 code [0x00000276a982e500, 0x00000276a982efa8]

GC Heap History (20 events):
Event: 42.771 GC heap before
{Heap before GC invocations=46 (full 0):
 garbage-first heap   total 183296K, used 160589K [0x0000000080000000, 0x0000000100000000)
  region size 1024K, 69 young (70656K), 4 survivors (4096K)
 Metaspace       used 107039K, committed 109248K, reserved 1179648K
  class space    used 14982K, committed 16000K, reserved 1048576K
}
Event: 42.779 GC heap after
{Heap after GC invocations=47 (full 0):
 garbage-first heap   total 183296K, used 100178K [0x0000000080000000, 0x0000000100000000)
  region size 1024K, 9 young (9216K), 9 survivors (9216K)
 Metaspace       used 107039K, committed 109248K, reserved 1179648K
  class space    used 14982K, committed 16000K, reserved 1048576K
}
Event: 43.619 GC heap before
{Heap before GC invocations=47 (full 0):
 garbage-first heap   total 183296K, used 162642K [0x0000000080000000, 0x0000000100000000)
  region size 1024K, 71 young (72704K), 9 survivors (9216K)
 Metaspace       used 107050K, committed 109248K, reserved 1179648K
  class space    used 14983K, committed 16000K, reserved 1048576K
}
Event: 43.628 GC heap after
{Heap after GC invocations=48 (full 0):
 garbage-first heap   total 183296K, used 102407K [0x0000000080000000, 0x0000000100000000)
  region size 1024K, 3 young (3072K), 3 survivors (3072K)
 Metaspace       used 107050K, committed 109248K, reserved 1179648K
  class space    used 14983K, committed 16000K, reserved 1048576K
}
Event: 43.808 GC heap before
{Heap before GC invocations=48 (full 0):
 garbage-first heap   total 183296K, used 111623K [0x0000000080000000, 0x0000000100000000)
  region size 1024K, 13 young (13312K), 3 survivors (3072K)
 Metaspace       used 107125K, committed 109376K, reserved 1179648K
  class space    used 14990K, committed 16064K, reserved 1048576K
}
Event: 43.811 GC heap after
{Heap after GC invocations=49 (full 0):
 garbage-first heap   total 183296K, used 102667K [0x0000000080000000, 0x0000000100000000)
  region size 1024K, 3 young (3072K), 3 survivors (3072K)
 Metaspace       used 107125K, committed 109376K, reserved 1179648K
  class space    used 14990K, committed 16064K, reserved 1048576K
}
Event: 46.358 GC heap before
{Heap before GC invocations=50 (full 0):
 garbage-first heap   total 183296K, used 170251K [0x0000000080000000, 0x0000000100000000)
  region size 1024K, 66 young (67584K), 3 survivors (3072K)
 Metaspace       used 108922K, committed 111232K, reserved 1179648K
  class space    used 15301K, committed 16384K, reserved 1048576K
}
Event: 46.369 GC heap after
{Heap after GC invocations=51 (full 0):
 garbage-first heap   total 185344K, used 116608K [0x0000000080000000, 0x0000000100000000)
  region size 1024K, 9 young (9216K), 9 survivors (9216K)
 Metaspace       used 108922K, committed 111232K, reserved 1179648K
  class space    used 15301K, committed 16384K, reserved 1048576K
}
Event: 47.169 GC heap before
{Heap before GC invocations=51 (full 0):
 garbage-first heap   total 185344K, used 170880K [0x0000000080000000, 0x0000000100000000)
  region size 1024K, 62 young (63488K), 9 survivors (9216K)
 Metaspace       used 109554K, committed 111872K, reserved 1179648K
  class space    used 15349K, committed 16448K, reserved 1048576K
}
Event: 47.185 GC heap after
{Heap after GC invocations=52 (full 0):
 garbage-first heap   total 189440K, used 122525K [0x0000000080000000, 0x0000000100000000)
  region size 1024K, 6 young (6144K), 6 survivors (6144K)
 Metaspace       used 109554K, committed 111872K, reserved 1179648K
  class space    used 15349K, committed 16448K, reserved 1048576K
}
Event: 48.077 GC heap before
{Heap before GC invocations=52 (full 0):
 garbage-first heap   total 189440K, used 172701K [0x0000000080000000, 0x0000000100000000)
  region size 1024K, 56 young (57344K), 6 survivors (6144K)
 Metaspace       used 109718K, committed 112064K, reserved 1179648K
  class space    used 15369K, committed 16448K, reserved 1048576K
}
Event: 48.086 GC heap after
{Heap after GC invocations=53 (full 0):
 garbage-first heap   total 189440K, used 127231K [0x0000000080000000, 0x0000000100000000)
  region size 1024K, 5 young (5120K), 5 survivors (5120K)
 Metaspace       used 109718K, committed 112064K, reserved 1179648K
  class space    used 15369K, committed 16448K, reserved 1048576K
}
Event: 49.128 GC heap before
{Heap before GC invocations=54 (full 0):
 garbage-first heap   total 214016K, used 176383K [0x0000000080000000, 0x0000000100000000)
  region size 1024K, 51 young (52224K), 5 survivors (5120K)
 Metaspace       used 111292K, committed 113600K, reserved 1179648K
  class space    used 15603K, committed 16704K, reserved 1048576K
}
Event: 49.137 GC heap after
{Heap after GC invocations=55 (full 0):
 garbage-first heap   total 214016K, used 132769K [0x0000000080000000, 0x0000000100000000)
  region size 1024K, 5 young (5120K), 5 survivors (5120K)
 Metaspace       used 111292K, committed 113600K, reserved 1179648K
  class space    used 15603K, committed 16704K, reserved 1048576K
}
Event: 50.239 GC heap before
{Heap before GC invocations=55 (full 0):
 garbage-first heap   total 214016K, used 195233K [0x0000000080000000, 0x0000000100000000)
  region size 1024K, 66 young (67584K), 5 survivors (5120K)
 Metaspace       used 114824K, committed 117248K, reserved 1179648K
  class space    used 16099K, committed 17280K, reserved 1048576K
}
Event: 50.252 GC heap after
{Heap after GC invocations=56 (full 0):
 garbage-first heap   total 214016K, used 136411K [0x0000000080000000, 0x0000000100000000)
  region size 1024K, 9 young (9216K), 9 survivors (9216K)
 Metaspace       used 114824K, committed 117248K, reserved 1179648K
  class space    used 16099K, committed 17280K, reserved 1048576K
}
Event: 51.558 GC heap before
{Heap before GC invocations=56 (full 0):
 garbage-first heap   total 214016K, used 195803K [0x0000000080000000, 0x0000000100000000)
  region size 1024K, 67 young (68608K), 9 survivors (9216K)
 Metaspace       used 119703K, committed 122176K, reserved 1179648K
  class space    used 16777K, committed 17984K, reserved 1048576K
}
Event: 51.571 GC heap after
{Heap after GC invocations=57 (full 0):
 garbage-first heap   total 214016K, used 141531K [0x0000000080000000, 0x0000000100000000)
  region size 1024K, 5 young (5120K), 5 survivors (5120K)
 Metaspace       used 119703K, committed 122176K, reserved 1179648K
  class space    used 16777K, committed 17984K, reserved 1048576K
}
Event: 52.876 GC heap before
{Heap before GC invocations=58 (full 0):
 garbage-first heap   total 237568K, used 197851K [0x0000000080000000, 0x0000000100000000)
  region size 1024K, 60 young (61440K), 5 survivors (5120K)
 Metaspace       used 120695K, committed 123200K, reserved 1179648K
  class space    used 16902K, committed 18112K, reserved 1048576K
}
Event: 52.888 GC heap after
{Heap after GC invocations=59 (full 0):
 garbage-first heap   total 237568K, used 149504K [0x0000000080000000, 0x0000000100000000)
  region size 1024K, 8 young (8192K), 8 survivors (8192K)
 Metaspace       used 120695K, committed 123200K, reserved 1179648K
  class space    used 16902K, committed 18112K, reserved 1048576K
}

Dll operation events (3 events):
Event: 0.026 Loaded shared library C:\Program Files\Android\Android Studio1\jbr\bin\java.dll
Event: 0.041 Loaded shared library C:\Program Files\Android\Android Studio1\jbr\bin\zip.dll
Event: 2.259 Loaded shared library C:\Program Files\Android\Android Studio1\jbr\bin\verify.dll

Deoptimization events (20 events):
Event: 52.929 Thread 0x00000276c1fc9860 Uncommon trap: trap_request=0xffffffbe fr.pc=0x00000276b04122b0 relative=0x0000000000000290
Event: 52.929 Thread 0x00000276c1fc9860 Uncommon trap: reason=profile_predicate action=maybe_recompile pc=0x00000276b04122b0 method=java.util.HashMap.valuesToArray([Ljava/lang/Object;)[Ljava/lang/Object; @ 36 c2
Event: 52.929 Thread 0x00000276c1fc9860 DEOPT PACKING pc=0x00000276b04122b0 sp=0x00000098247f88e0
Event: 52.929 Thread 0x00000276c1fc9860 DEOPT UNPACKING pc=0x00000276af487aa2 sp=0x00000098247f8890 mode 2
Event: 52.932 Thread 0x00000276c1fc9860 Uncommon trap: trap_request=0xffffffbe fr.pc=0x00000276b04122b0 relative=0x0000000000000290
Event: 52.932 Thread 0x00000276c1fc9860 Uncommon trap: reason=profile_predicate action=maybe_recompile pc=0x00000276b04122b0 method=java.util.HashMap.valuesToArray([Ljava/lang/Object;)[Ljava/lang/Object; @ 36 c2
Event: 52.932 Thread 0x00000276c1fc9860 DEOPT PACKING pc=0x00000276b04122b0 sp=0x00000098247f8ad0
Event: 52.932 Thread 0x00000276c1fc9860 DEOPT UNPACKING pc=0x00000276af487aa2 sp=0x00000098247f8a80 mode 2
Event: 52.933 Thread 0x00000276c1fc9860 Uncommon trap: trap_request=0xffffffbe fr.pc=0x00000276b04122b0 relative=0x0000000000000290
Event: 52.933 Thread 0x00000276c1fc9860 Uncommon trap: reason=profile_predicate action=maybe_recompile pc=0x00000276b04122b0 method=java.util.HashMap.valuesToArray([Ljava/lang/Object;)[Ljava/lang/Object; @ 36 c2
Event: 52.933 Thread 0x00000276c1fc9860 DEOPT PACKING pc=0x00000276b04122b0 sp=0x00000098247f8cc0
Event: 52.933 Thread 0x00000276c1fc9860 DEOPT UNPACKING pc=0x00000276af487aa2 sp=0x00000098247f8c70 mode 2
Event: 52.981 Thread 0x00000276c1fc9860 Uncommon trap: trap_request=0xffffff76 fr.pc=0x00000276b0403428 relative=0x0000000000000468
Event: 52.981 Thread 0x00000276c1fc9860 Uncommon trap: reason=predicate action=maybe_recompile pc=0x00000276b0403428 method=java.util.HashMap.valuesToArray([Ljava/lang/Object;)[Ljava/lang/Object; @ 46 c2
Event: 52.981 Thread 0x00000276c1fc9860 DEOPT PACKING pc=0x00000276b0403428 sp=0x00000098247f8cc0
Event: 52.981 Thread 0x00000276c1fc9860 DEOPT UNPACKING pc=0x00000276af487aa2 sp=0x00000098247f8c80 mode 2
Event: 52.993 Thread 0x00000276c1fc9860 DEOPT PACKING pc=0x00000276a8ff268c sp=0x00000098247f8fc0
Event: 52.993 Thread 0x00000276c1fc9860 DEOPT UNPACKING pc=0x00000276af4885e2 sp=0x00000098247f8528 mode 0
Event: 53.048 Thread 0x00000276c1fc9860 DEOPT PACKING pc=0x00000276a8ff268c sp=0x00000098247f8f70
Event: 53.048 Thread 0x00000276c1fc9860 DEOPT UNPACKING pc=0x00000276af4885e2 sp=0x00000098247f84d8 mode 0

Classes loaded (20 events):
Event: 50.820 Loading class org/xml/sax/helpers/AttributesImpl
Event: 50.820 Loading class org/xml/sax/helpers/AttributesImpl done
Event: 50.821 Loading class java/util/regex/Pattern$Behind
Event: 50.821 Loading class java/util/regex/Pattern$Behind done
Event: 50.821 Loading class java/util/regex/Pattern$Neg
Event: 50.821 Loading class java/util/regex/Pattern$Neg done
Event: 50.833 Loading class javax/xml/datatype/DatatypeConfigurationException
Event: 50.833 Loading class javax/xml/datatype/DatatypeConfigurationException done
Event: 50.836 Loading class com/sun/org/apache/xerces/internal/impl/io/MalformedByteSequenceException
Event: 50.837 Loading class java/io/CharConversionException
Event: 50.837 Loading class java/io/CharConversionException done
Event: 50.837 Loading class com/sun/org/apache/xerces/internal/impl/io/MalformedByteSequenceException done
Event: 52.703 Loading class java/util/TreeMap$KeySpliterator
Event: 52.703 Loading class java/util/TreeMap$TreeMapSpliterator
Event: 52.704 Loading class java/util/TreeMap$TreeMapSpliterator done
Event: 52.704 Loading class java/util/TreeMap$KeySpliterator done
Event: 52.809 Loading class java/lang/invoke/MethodHandleImpl$CountingWrapper$1
Event: 52.809 Loading class java/lang/invoke/MethodHandleImpl$CountingWrapper$1 done
Event: 53.029 Loading class java/io/FilterReader
Event: 53.029 Loading class java/io/FilterReader done

Classes unloaded (9 events):
Event: 37.573 Thread 0x00000276c0030a10 Unloading class 0x0000000100bf0840 '_BuildScript_$_run_closure3'
Event: 37.573 Thread 0x00000276c0030a10 Unloading class 0x0000000100bf0420 '_BuildScript_$_run_closure2$_closure8'
Event: 37.573 Thread 0x00000276c0030a10 Unloading class 0x0000000100bf0000 '_BuildScript_$_run_closure2'
Event: 37.573 Thread 0x00000276c0030a10 Unloading class 0x0000000100be9840 '_BuildScript_$_run_closure1$_closure5$_closure7'
Event: 37.573 Thread 0x00000276c0030a10 Unloading class 0x0000000100be9420 '_BuildScript_$_run_closure1$_closure5'
Event: 37.573 Thread 0x00000276c0030a10 Unloading class 0x0000000100be9000 '_BuildScript_$_run_closure1$_closure4$_closure6'
Event: 37.573 Thread 0x00000276c0030a10 Unloading class 0x0000000100be8950 '_BuildScript_$_run_closure1$_closure4'
Event: 37.573 Thread 0x00000276c0030a10 Unloading class 0x0000000100be8530 '_BuildScript_$_run_closure1'
Event: 37.573 Thread 0x00000276c0030a10 Unloading class 0x0000000100be8000 '_BuildScript_'

Classes redefined (0 events):
No events

Internal exceptions (20 events):
Event: 54.086 Thread 0x00000276c1fc9860 Exception <a 'java/lang/ClassNotFoundException'{0x000000008c10ff70}: com/android/build/gradle/internal/tasks/LibraryAarJarsTask_DecoratedBeanInfo> (0x000000008c10ff70) 
thrown [s\src\hotspot\share\classfile\systemDictionary.cpp, line 312]
Event: 54.087 Thread 0x00000276c1fc9860 Exception <a 'java/lang/ClassNotFoundException'{0x000000008c11ca68}: com/android/build/gradle/internal/tasks/LibraryAarJarsTaskBeanInfo> (0x000000008c11ca68) 
thrown [s\src\hotspot\share\classfile\systemDictionary.cpp, line 312]
Event: 54.087 Thread 0x00000276c1fc9860 Exception <a 'java/lang/ClassNotFoundException'{0x000000008c129540}: com/android/build/gradle/internal/tasks/LibraryAarJarsTaskCustomizer> (0x000000008c129540) 
thrown [s\src\hotspot\share\classfile\systemDictionary.cpp, line 312]
Event: 54.087 Thread 0x00000276c1fc9860 Exception <a 'java/lang/ClassNotFoundException'{0x000000008c151430}: com/android/build/gradle/internal/tasks/LibraryAarJarsTask_DecoratedCustomizer> (0x000000008c151430) 
thrown [s\src\hotspot\share\classfile\systemDictionary.cpp, line 312]
Event: 54.090 Thread 0x00000276c1fc9860 Exception <a 'java/lang/ClassNotFoundException'{0x000000008c065400}: com/android/build/gradle/tasks/BundleAar_DecoratedBeanInfo> (0x000000008c065400) 
thrown [s\src\hotspot\share\classfile\systemDictionary.cpp, line 312]
Event: 54.090 Thread 0x00000276c1fc9860 Exception <a 'java/lang/ClassNotFoundException'{0x000000008c071b20}: com/android/build/gradle/tasks/BundleAarBeanInfo> (0x000000008c071b20) 
thrown [s\src\hotspot\share\classfile\systemDictionary.cpp, line 312]
Event: 54.091 Thread 0x00000276c1fc9860 Exception <a 'java/lang/ClassNotFoundException'{0x000000008c07bd28}: org/gradle/api/tasks/bundling/ZipBeanInfo> (0x000000008c07bd28) 
thrown [s\src\hotspot\share\classfile\systemDictionary.cpp, line 312]
Event: 54.091 Thread 0x00000276c1fc9860 Exception <a 'java/lang/ClassNotFoundException'{0x000000008c086578}: org/gradle/api/tasks/bundling/AbstractArchiveTaskBeanInfo> (0x000000008c086578) 
thrown [s\src\hotspot\share\classfile\systemDictionary.cpp, line 312]
Event: 54.091 Thread 0x00000276c1fc9860 Exception <a 'java/lang/ClassNotFoundException'{0x000000008c090b78}: org/gradle/api/tasks/bundling/AbstractArchiveTaskCustomizer> (0x000000008c090b78) 
thrown [s\src\hotspot\share\classfile\systemDictionary.cpp, line 312]
Event: 54.091 Thread 0x00000276c1fc9860 Exception <a 'java/lang/ClassNotFoundException'{0x000000008c0c54b8}: org/gradle/api/tasks/bundling/ZipCustomizer> (0x000000008c0c54b8) 
thrown [s\src\hotspot\share\classfile\systemDictionary.cpp, line 312]
Event: 54.092 Thread 0x00000276c1fc9860 Exception <a 'java/lang/ClassNotFoundException'{0x000000008c0eeaf0}: com/android/build/gradle/tasks/BundleAarCustomizer> (0x000000008c0eeaf0) 
thrown [s\src\hotspot\share\classfile\systemDictionary.cpp, line 312]
Event: 54.092 Thread 0x00000276c1fc9860 Exception <a 'java/lang/ClassNotFoundException'{0x000000008bf1c8c8}: com/android/build/gradle/tasks/BundleAar_DecoratedCustomizer> (0x000000008bf1c8c8) 
thrown [s\src\hotspot\share\classfile\systemDictionary.cpp, line 312]
Event: 54.101 Thread 0x00000276c1fc9860 Exception <a 'java/lang/ClassNotFoundException'{0x000000008bed0048}: com/android/build/gradle/internal/lint/AndroidLintAnalysisTask_DecoratedBeanInfo> (0x000000008bed0048) 
thrown [s\src\hotspot\share\classfile\systemDictionary.cpp, line 312]
Event: 54.101 Thread 0x00000276c1fc9860 Exception <a 'java/lang/ClassNotFoundException'{0x000000008bedcb98}: com/android/build/gradle/internal/lint/AndroidLintAnalysisTaskBeanInfo> (0x000000008bedcb98) 
thrown [s\src\hotspot\share\classfile\systemDictionary.cpp, line 312]
Event: 54.101 Thread 0x00000276c1fc9860 Exception <a 'java/lang/ClassNotFoundException'{0x000000008bee97d0}: com/android/build/gradle/internal/lint/AndroidLintAnalysisTaskCustomizer> (0x000000008bee97d0) 
thrown [s\src\hotspot\share\classfile\systemDictionary.cpp, line 312]
Event: 54.102 Thread 0x00000276c1fc9860 Exception <a 'java/lang/ClassNotFoundException'{0x000000008bd23758}: com/android/build/gradle/internal/lint/AndroidLintAnalysisTask_DecoratedCustomizer> (0x000000008bd23758) 
thrown [s\src\hotspot\share\classfile\systemDictionary.cpp, line 312]
Event: 54.104 Thread 0x00000276c1fc9860 Exception <a 'java/lang/ClassNotFoundException'{0x000000008bdbc780}: com/android/build/gradle/internal/tasks/LintModelMetadataTask_DecoratedBeanInfo> (0x000000008bdbc780) 
thrown [s\src\hotspot\share\classfile\systemDictionary.cpp, line 312]
Event: 54.105 Thread 0x00000276c1fc9860 Exception <a 'java/lang/ClassNotFoundException'{0x000000008bdc9298}: com/android/build/gradle/internal/tasks/LintModelMetadataTaskBeanInfo> (0x000000008bdc9298) 
thrown [s\src\hotspot\share\classfile\systemDictionary.cpp, line 312]
Event: 54.105 Thread 0x00000276c1fc9860 Exception <a 'java/lang/ClassNotFoundException'{0x000000008bdd5ed8}: com/android/build/gradle/internal/tasks/LintModelMetadataTaskCustomizer> (0x000000008bdd5ed8) 
thrown [s\src\hotspot\share\classfile\systemDictionary.cpp, line 312]
Event: 54.105 Thread 0x00000276c1fc9860 Exception <a 'java/lang/ClassNotFoundException'{0x000000008bdf7250}: com/android/build/gradle/internal/tasks/LintModelMetadataTask_DecoratedCustomizer> (0x000000008bdf7250) 
thrown [s\src\hotspot\share\classfile\systemDictionary.cpp, line 312]

ZGC Phase Switch (0 events):
No events

VM Operations (20 events):
Event: 51.262 Executing safepoint VM operation: ICBufferFull
Event: 51.262 Executing safepoint VM operation: ICBufferFull done
Event: 51.316 Executing non-safepoint VM operation: HandshakeAllThreads (Deoptimize)
Event: 51.316 Executing non-safepoint VM operation: HandshakeAllThreads (Deoptimize) done
Event: 51.370 Executing non-safepoint VM operation: HandshakeAllThreads (Deoptimize)
Event: 51.370 Executing non-safepoint VM operation: HandshakeAllThreads (Deoptimize) done
Event: 51.558 Executing safepoint VM operation: G1CollectForAllocation (G1 Evacuation Pause)
Event: 51.571 Executing safepoint VM operation: G1CollectForAllocation (G1 Evacuation Pause) done
Event: 51.799 Executing safepoint VM operation: G1PauseRemark
Event: 51.808 Executing safepoint VM operation: G1PauseRemark done
Event: 51.918 Executing safepoint VM operation: G1PauseCleanup
Event: 51.918 Executing safepoint VM operation: G1PauseCleanup done
Event: 52.317 Executing non-safepoint VM operation: HandshakeAllThreads (Deoptimize)
Event: 52.317 Executing non-safepoint VM operation: HandshakeAllThreads (Deoptimize) done
Event: 52.870 Executing safepoint VM operation: ICBufferFull
Event: 52.870 Executing safepoint VM operation: ICBufferFull done
Event: 52.876 Executing safepoint VM operation: G1CollectForAllocation (G1 Evacuation Pause)
Event: 52.888 Executing safepoint VM operation: G1CollectForAllocation (G1 Evacuation Pause) done
Event: 53.901 Executing safepoint VM operation: Cleanup
Event: 54.062 Executing safepoint VM operation: Cleanup done

Memory protections (0 events):
No events

Nmethod flushes (20 events):
Event: 51.806 Thread 0x00000276c0030a10 flushing  nmethod 0x00000276a8c13890
Event: 51.806 Thread 0x00000276c0030a10 flushing  nmethod 0x00000276a8c13c90
Event: 51.806 Thread 0x00000276c0030a10 flushing  nmethod 0x00000276a8c68110
Event: 51.806 Thread 0x00000276c0030a10 flushing  nmethod 0x00000276a8dc0c10
Event: 51.806 Thread 0x00000276c0030a10 flushing  nmethod 0x00000276a8df8690
Event: 51.806 Thread 0x00000276c0030a10 flushing  nmethod 0x00000276a8df9610
Event: 51.806 Thread 0x00000276c0030a10 flushing  nmethod 0x00000276a8dfab10
Event: 51.806 Thread 0x00000276c0030a10 flushing  nmethod 0x00000276a8e16190
Event: 51.806 Thread 0x00000276c0030a10 flushing  nmethod 0x00000276a8ef9010
Event: 51.806 Thread 0x00000276c0030a10 flushing  nmethod 0x00000276a8f01310
Event: 51.806 Thread 0x00000276c0030a10 flushing  nmethod 0x00000276a8fca410
Event: 51.806 Thread 0x00000276c0030a10 flushing  nmethod 0x00000276a9087f10
Event: 51.806 Thread 0x00000276c0030a10 flushing  nmethod 0x00000276a9089210
Event: 51.806 Thread 0x00000276c0030a10 flushing  nmethod 0x00000276a9089590
Event: 51.806 Thread 0x00000276c0030a10 flushing  nmethod 0x00000276a90df890
Event: 51.806 Thread 0x00000276c0030a10 flushing  nmethod 0x00000276a90e0c90
Event: 51.806 Thread 0x00000276c0030a10 flushing  nmethod 0x00000276a90e9f10
Event: 51.806 Thread 0x00000276c0030a10 flushing  nmethod 0x00000276a9211590
Event: 51.806 Thread 0x00000276c0030a10 flushing  nmethod 0x00000276a9249710
Event: 51.806 Thread 0x00000276c0030a10 flushing  nmethod 0x00000276a9332310

Events (20 events):
Event: 42.508 Thread 0x00000276c1fc9860 Thread added: 0x00000276c5a52bd0
Event: 42.606 Thread 0x00000276c00b93c0 Thread added: 0x00000276c3a6c800
Event: 42.785 Thread 0x00000276c1fc9860 Thread added: 0x00000276c5a538f0
Event: 42.785 Thread 0x00000276c1fc9860 Thread added: 0x00000276c5a51820
Event: 42.785 Thread 0x00000276c1fc9860 Thread added: 0x00000276c5a50470
Event: 44.597 Thread 0x00000276c3a6c800 Thread exited: 0x00000276c3a6c800
Event: 44.875 Thread 0x00000276c00b93c0 Thread added: 0x00000276c3a6c130
Event: 45.606 Thread 0x00000276c1fc9860 Thread added: 0x00000276c4cac700
Event: 45.606 Thread 0x00000276c1fc9860 Thread added: 0x00000276c4cb1c50
Event: 45.606 Thread 0x00000276c1fc9860 Thread added: 0x00000276c4cb15c0
Event: 45.863 Thread 0x00000276c3a6c130 Thread exited: 0x00000276c3a6c130
Event: 46.119 Thread 0x00000276c00b93c0 Thread added: 0x00000276c3a6a5f0
Event: 46.428 Thread 0x00000276c1fc9860 Thread added: 0x00000276c4caee60
Event: 46.429 Thread 0x00000276c1fc9860 Thread added: 0x00000276c4cad420
Event: 46.429 Thread 0x00000276c1fc9860 Thread added: 0x00000276c4cacd90
Event: 46.701 Thread 0x00000276c1fc9860 Thread added: 0x00000276c4caf4f0
Event: 46.702 Thread 0x00000276c1fc9860 Thread added: 0x00000276c4cafb80
Event: 46.702 Thread 0x00000276c1fc9860 Thread added: 0x00000276c4cb0210
Event: 47.127 Thread 0x00000276c1fc9860 Thread added: 0x00000276c4cb0f30
Event: 50.442 Thread 0x00000276c3a6a5f0 Thread exited: 0x00000276c3a6a5f0


Dynamic libraries:
0x00007ff70b440000 - 0x00007ff70b44a000 	C:\Program Files\Android\Android Studio1\jbr\bin\java.exe
0x00007ff940920000 - 0x00007ff940b86000 	C:\WINDOWS\SYSTEM32\ntdll.dll
0x00007ff93e9f0000 - 0x00007ff93eab9000 	C:\WINDOWS\System32\KERNEL32.DLL
0x00007ff93def0000 - 0x00007ff93e2ef000 	C:\WINDOWS\System32\KERNELBASE.dll
0x00007ff93e300000 - 0x00007ff93e44c000 	C:\WINDOWS\System32\ucrtbase.dll
0x00007ff920320000 - 0x00007ff920338000 	C:\Program Files\Android\Android Studio1\jbr\bin\jli.dll
0x00007ff937f50000 - 0x00007ff937f6b000 	C:\Program Files\Android\Android Studio1\jbr\bin\VCRUNTIME140.dll
0x00007ff93e820000 - 0x00007ff93e9e6000 	C:\WINDOWS\System32\USER32.dll
0x00007ff93de30000 - 0x00007ff93de57000 	C:\WINDOWS\System32\win32u.dll
0x00007ff926bc0000 - 0x00007ff926e51000 	C:\WINDOWS\WinSxS\amd64_microsoft.windows.common-controls_6595b64144ccf1df_6.0.26100.8972_none_3e0da176e32f9d4b\COMCTL32.dll
0x00007ff93ef40000 - 0x00007ff93ef6b000 	C:\WINDOWS\System32\GDI32.dll
0x00007ff93f850000 - 0x00007ff93f8f9000 	C:\WINDOWS\System32\msvcrt.dll
0x00007ff93e460000 - 0x00007ff93e589000 	C:\WINDOWS\System32\gdi32full.dll
0x00007ff93dd80000 - 0x00007ff93de23000 	C:\WINDOWS\System32\msvcp_win.dll
0x00007ff9405c0000 - 0x00007ff9405f2000 	C:\WINDOWS\System32\IMM32.DLL
0x0000000068610000 - 0x000000006861d000 	C:\Program Files (x86)\360\Total Security\safemon\SafeWrapper.dll
0x00007ff9404f0000 - 0x00007ff9405ac000 	C:\WINDOWS\System32\ADVAPI32.dll
0x00007ff93ee90000 - 0x00007ff93ef3a000 	C:\WINDOWS\System32\sechost.dll
0x00007ff93eac0000 - 0x00007ff93ebd8000 	C:\WINDOWS\System32\RPCRT4.dll
0x00007ff93bce0000 - 0x00007ff93bde5000 	C:\Program Files (x86)\360\Total Security\safemon\libzdtp64.dll
0x00007ff93f980000 - 0x00007ff940108000 	C:\WINDOWS\System32\SHELL32.dll
0x00007ff9407e0000 - 0x00007ff940846000 	C:\WINDOWS\System32\SHLWAPI.dll
0x00007ff93d2e0000 - 0x00007ff93d2eb000 	C:\WINDOWS\SYSTEM32\VERSION.dll
0x00007ff92fc10000 - 0x00007ff92fc1c000 	C:\Program Files\Android\Android Studio1\jbr\bin\vcruntime140_1.dll
0x00007ff8d2e40000 - 0x00007ff8d2ecd000 	C:\Program Files\Android\Android Studio1\jbr\bin\msvcp140.dll
0x00007ff8b8580000 - 0x00007ff8b9216000 	C:\Program Files\Android\Android Studio1\jbr\bin\server\jvm.dll
0x00007ff93f750000 - 0x00007ff93f7d2000 	C:\WINDOWS\System32\WS2_32.dll
0x00007ff93d990000 - 0x00007ff93d9ee000 	C:\WINDOWS\SYSTEM32\POWRPROF.dll
0x00007ff9389d0000 - 0x00007ff938a06000 	C:\WINDOWS\SYSTEM32\WINMM.dll
0x00007ff93d970000 - 0x00007ff93d985000 	C:\WINDOWS\SYSTEM32\UMPDC.dll
0x00007ff93c7a0000 - 0x00007ff93c7bb000 	C:\WINDOWS\SYSTEM32\kernel.appcore.dll
0x00007ff92f4c0000 - 0x00007ff92f4ca000 	C:\Program Files\Android\Android Studio1\jbr\bin\jimage.dll
0x00007ff93ae80000 - 0x00007ff93b0c2000 	C:\WINDOWS\SYSTEM32\DBGHELP.DLL
0x00007ff940110000 - 0x00007ff940495000 	C:\WINDOWS\System32\combase.dll
0x00007ff93f560000 - 0x00007ff93f639000 	C:\WINDOWS\System32\OLEAUT32.dll
0x00007ff9387f0000 - 0x00007ff93882b000 	C:\WINDOWS\SYSTEM32\dbgcore.DLL
0x00007ff93db30000 - 0x00007ff93dbdc000 	C:\WINDOWS\System32\bcryptPrimitives.dll
0x00007ff92bf30000 - 0x00007ff92bf3e000 	C:\Program Files\Android\Android Studio1\jbr\bin\instrument.dll
0x00007ff92c2b0000 - 0x00007ff92c2d0000 	C:\Program Files\Android\Android Studio1\jbr\bin\java.dll
0x00007ff92c290000 - 0x00007ff92c2a8000 	C:\Program Files\Android\Android Studio1\jbr\bin\zip.dll
0x00007ff93b440000 - 0x00007ff93bcdb000 	C:\WINDOWS\SYSTEM32\windows.storage.dll
0x00007ff93ebe0000 - 0x00007ff93ecd9000 	C:\WINDOWS\System32\SHCORE.dll
0x00007ff93da50000 - 0x00007ff93da79000 	C:\WINDOWS\SYSTEM32\profapi.dll
0x00007ff92c280000 - 0x00007ff92c290000 	C:\Program Files\Android\Android Studio1\jbr\bin\net.dll
0x00007ff930500000 - 0x00007ff930628000 	C:\WINDOWS\SYSTEM32\WINHTTP.dll
0x00007ff93cd50000 - 0x00007ff93cdbc000 	C:\WINDOWS\system32\mswsock.dll
0x00007ff92c260000 - 0x00007ff92c276000 	C:\Program Files\Android\Android Studio1\jbr\bin\nio.dll
0x00007ff92c080000 - 0x00007ff92c090000 	C:\Program Files\Android\Android Studio1\jbr\bin\verify.dll
0x00007ff919fc0000 - 0x00007ff919fe7000 	C:\Users\patri\.gradle\native\1def1411415f61bf3af743bc5b6707747c0891f09f0c88961ee8f79bc544acac\windows-amd64\native-platform.dll
0x00007ff8fe940000 - 0x00007ff8fe9b7000 	C:\Users\patri\.gradle\native\0.2.8\x86_64-windows-gnu\gradle-fileevents.dll
0x00007ff92c1e0000 - 0x00007ff92c1e9000 	C:\Program Files\Android\Android Studio1\jbr\bin\management.dll
0x00007ff92c150000 - 0x00007ff92c15b000 	C:\Program Files\Android\Android Studio1\jbr\bin\management_ext.dll
0x00007ff93f000000 - 0x00007ff93f008000 	C:\WINDOWS\System32\PSAPI.DLL
0x00007ff93c170000 - 0x00007ff93c1a3000 	C:\WINDOWS\SYSTEM32\IPHLPAPI.DLL
0x00007ff93ece0000 - 0x00007ff93ecea000 	C:\WINDOWS\System32\NSI.dll
0x00007ff92c1f0000 - 0x00007ff92c1f9000 	C:\Program Files\Android\Android Studio1\jbr\bin\extnet.dll
0x00007ff93d040000 - 0x00007ff93d05b000 	C:\WINDOWS\SYSTEM32\CRYPTSP.dll
0x00007ff93c700000 - 0x00007ff93c739000 	C:\WINDOWS\system32\rsaenh.dll
0x00007ff93ce00000 - 0x00007ff93ce32000 	C:\WINDOWS\SYSTEM32\USERENV.dll
0x00007ff93da20000 - 0x00007ff93da4a000 	C:\WINDOWS\SYSTEM32\bcrypt.dll
0x00007ff93d060000 - 0x00007ff93d06c000 	C:\WINDOWS\SYSTEM32\CRYPTBASE.dll
0x00007ff902cd0000 - 0x00007ff902cd8000 	C:\WINDOWS\system32\wshunix.dll
0x00007ff93c1b0000 - 0x00007ff93c308000 	C:\WINDOWS\SYSTEM32\DNSAPI.dll
0x00007ff93cb50000 - 0x00007ff93cb5d000 	C:\WINDOWS\SYSTEM32\DSPARSE.dll
0x00007ff92ee40000 - 0x00007ff92ee4b000 	C:\Windows\System32\rasadhlp.dll
0x00007ff937410000 - 0x00007ff937496000 	C:\WINDOWS\System32\fwpuclnt.dll

JVMTI agents:
C:\Users\patri\.gradle\wrapper\dists\gradle-9.0.0-bin\d6wjpkvcgsg3oed0qlfss3wgl\gradle-9.0.0\lib\agents\gradle-instrumentation-agent-9.0.0.jar path:C:\Program Files\Android\Android Studio1\jbr\bin\instrument.dll, loaded, initialized, instrumentlib options:none

dbghelp: loaded successfully - version: 4.0.5 - missing functions: none
symbol engine: initialized successfully - sym options: 0x614 - pdb path: .;C:\Program Files\Android\Android Studio1\jbr\bin;C:\WINDOWS\SYSTEM32;C:\WINDOWS\WinSxS\amd64_microsoft.windows.common-controls_6595b64144ccf1df_6.0.26100.8972_none_3e0da176e32f9d4b;C:\Program Files (x86)\360\Total Security\safemon;C:\Program Files\Android\Android Studio1\jbr\bin\server;C:\Users\patri\.gradle\native\1def1411415f61bf3af743bc5b6707747c0891f09f0c88961ee8f79bc544acac\windows-amd64;C:\Users\patri\.gradle\native\0.2.8\x86_64-windows-gnu

VM Arguments:
jvm_args: --add-opens=java.base/java.lang=ALL-UNNAMED --add-opens=java.base/java.lang.invoke=ALL-UNNAMED --add-opens=java.base/java.util=ALL-UNNAMED --add-opens=java.prefs/java.util.prefs=ALL-UNNAMED --add-exports=jdk.compiler/com.sun.tools.javac.api=ALL-UNNAMED --add-exports=jdk.compiler/com.sun.tools.javac.util=ALL-UNNAMED --add-opens=java.base/java.util=ALL-UNNAMED --add-opens=java.prefs/java.util.prefs=ALL-UNNAMED --add-opens=java.base/java.nio.charset=ALL-UNNAMED --add-opens=java.base/java.net=ALL-UNNAMED --add-opens=java.base/java.util.concurrent=ALL-UNNAMED --add-opens=java.base/java.util.concurrent.atomic=ALL-UNNAMED --add-opens=java.xml/javax.xml.namespace=ALL-UNNAMED -Xmx2048m -Dfile.encoding=UTF-8 -Duser.country=US -Duser.language=en -Duser.variant -javaagent:C:\Users\patri\.gradle\wrapper\dists\gradle-9.0.0-bin\d6wjpkvcgsg3oed0qlfss3wgl\gradle-9.0.0\lib\agents\gradle-instrumentation-agent-9.0.0.jar 
java_command: org.gradle.launcher.daemon.bootstrap.GradleDaemon 9.0.0
java_class_path (initial): C:\Users\patri\.gradle\wrapper\dists\gradle-9.0.0-bin\d6wjpkvcgsg3oed0qlfss3wgl\gradle-9.0.0\lib\gradle-daemon-main-9.0.0.jar
Launcher Type: SUN_STANDARD

[Global flags]
     intx CICompilerCount                          = 3                                         {product} {ergonomic}
     uint ConcGCThreads                            = 1                                         {product} {ergonomic}
     uint G1ConcRefinementThreads                  = 4                                         {product} {ergonomic}
   size_t G1HeapRegionSize                         = 1048576                                   {product} {ergonomic}
    uintx GCDrainStackTargetSize                   = 64                                        {product} {ergonomic}
   size_t InitialHeapSize                          = 132120576                                 {product} {ergonomic}
   size_t MarkStackSize                            = 4194304                                   {product} {ergonomic}
   size_t MaxHeapSize                              = 2147483648                                {product} {command line}
   size_t MaxNewSize                               = 1287651328                                {product} {ergonomic}
   size_t MinHeapDeltaBytes                        = 1048576                                   {product} {ergonomic}
   size_t MinHeapSize                              = 8388608                                   {product} {ergonomic}
    uintx NonNMethodCodeHeapSize                   = 5832780                                {pd product} {ergonomic}
    uintx NonProfiledCodeHeapSize                  = 122912730                              {pd product} {ergonomic}
    uintx ProfiledCodeHeapSize                     = 122912730                              {pd product} {ergonomic}
    uintx ReservedCodeCacheSize                    = 251658240                              {pd product} {ergonomic}
     bool SegmentedCodeCache                       = true                                      {product} {ergonomic}
   size_t SoftMaxHeapSize                          = 2147483648                             {manageable} {ergonomic}
     bool UseCompressedOops                        = true                           {product lp64_product} {ergonomic}
     bool UseG1GC                                  = true                                      {product} {ergonomic}
     bool UseLargePagesIndividualAllocation        = false                                  {pd product} {ergonomic}

Logging:
Log output configuration:
 #0: stdout all=warning uptime,level,tags foldmultilines=false
 #1: stderr all=off uptime,level,tags foldmultilines=false

Release file:
JAVA_VERSION="21.0.10" 
MODULES="java.base java.compiler java.datatransfer java.xml java.prefs java.desktop java.instrument java.logging java.management java.security.sasl java.naming java.rmi java.management.rmi java.net.http java.scripting java.security.jgss java.transaction.xa java.sql java.sql.rowset java.xml.crypto java.se java.smartcardio jdk.accessibility jdk.internal.jvmstat jdk.attach jdk.charsets jdk.internal.opt jdk.zipfs jdk.compiler jdk.crypto.ec jdk.crypto.cryptoki jdk.dynalink jdk.hotspot.agent jdk.httpserver jdk.internal.ed jdk.internal.le jdk.internal.vm.ci jdk.jartool jdk.javadoc jdk.jcmd jdk.jdeps jdk.jdwp.agent jdk.jdi jdk.jfr jdk.jlink jdk.jsobject jdk.localedata jdk.management jdk.management.agent jdk.management.jfr jdk.naming.dns jdk.naming.rmi jdk.net jdk.sctp jdk.security.auth jdk.security.jgss jdk.unsupported jdk.unsupported.desktop jdk.xml.dom" 
IMPLEMENTOR="JetBrains s.r.o." 
JAVA_RUNTIME_VERSION="21.0.10+-14961533-b1163.108" 
LIBC="default" 
OS_ARCH="x86_64" 
OS_NAME="Windows" 
SOURCE=".:git:1351622c2ff2" 

Environment Variables:
JAVA_HOME=C:\Users\patri\scoop\apps\openjdk21\current
PATH=C:\Program Files\Eclipse Adoptium\jdk-17.0.16.8-hotspot\bin;C:\Program Files\Common Files\Oracle\Java\javapath;C:\WINDOWS\system32;C:\WINDOWS;C:\WINDOWS\System32\Wbem;C:\WINDOWS\System32\WindowsPowerShell\v1.0\;C:\WINDOWS\System32\OpenSSH\;C:\Program Files\dotnet\;c:\Users\patri\AppData\Local\Programs\cursor\resources\app\bin;C:\WINDOWS\system32;C:\WINDOWS;C:\WINDOWS\System32\Wbem;C:\WINDOWS\System32\WindowsPowerShell\v1.0\;C:\WINDOWS\System32\OpenSSH\;C:\php-8.1.25;C:\xampp;C:\Program Files\MySQL\MySQL Server 8.0\bin;C:\Program Files\MariaDB 12.0\bin;C:\Program Files\Java\jdk-23\bin;C:\Program Files\apache-maven-3.9.11\bin;C:\Program Files\Git\cmd;C:\Users\patri\OneDrive\flutter\bin;C:\Program Files (x86)\Windows Kits\10\Windows Performance Toolkit\;C:\Users\patri\AppData\Local\Pub\Cache\bin;C:\Program Files\nodejs\;C:\Program Files\cursor\resources\app\bin;C:\Users\patri\AppData\Local\Programs\Python\Launcher\;C:\Users\patri\AppData\Local\Microsoft\WindowsApps;C:\Users\patri\.dotnet\tools;C:\Users\pat;C:\Users\patri\scoop\apps\openjdk21\current\bin;C:\Users\patri\scoop\shims;C:\Program Files\MySQL\MySQL Shell 8.0\bin\;C:\Program Files\Common Files\Oracle\Java\javapath;C:\WINDOWS\system32;C:\WINDOWS;C:\WINDOWS\System32\Wbem;C:\WINDOWS\System32\WindowsPowerShell\v1.0\;C:\WINDOWS\System32\OpenSSH\;C:\Program Files\dotnet\;c:\Users\patri\AppData\Local\Programs\cursor\resources\app\bin;C:\WINDOWS\system32;C:\WINDOWS;C:\WINDOWS\System32\Wbem;C:\WINDOWS\System32\WindowsPowerShell\v1.0\;C:\WINDOWS\System32\OpenSSH\;C:\php-8.1.25;C:\xampp;C:\Program Files\MySQL\MySQL Server 8.0\bin;C:\Program Files\MariaDB 12.0\bin;C:\Program Files\Java\jdk-23\bin;C:\Program Files\apache-maven-3.9.11\bin;C:\Program Files\cursor\resources\app\bin;C:\Program Files\Git\cmd;C:\Users\patri\OneDrive\flutter\bin;C:\Program Files (x86)\Windows Kits\10\Windows Performance Toolkit\;C:\Users\patri\AppData\Local\Programs\Python\Launcher\;C:\Users\patri\AppData\Local\Microsoft\WindowsApps;C:\Users\patri\.dotnet\tools;C:\Users\patri\AppData\Local\Programs\Microsoft VS Code\bin;C:\Users\patri\AppData\Local\Programs\Python\Python313;C:\src\flutter\bin;C:\Users\patri\AppData\Local\Pub\Cache\bin;C:\Users\patri\AppData\Roaming\npm;C:\Users\patri\AppData\Local\Android\Sdk\platform-tools;C:\Users\patri\AppData\Local\Android\Sdk\build-tools\34.0.0;C:\Users\patri\AppData\Local\Android\Sdk\platforms;C:\Users\patri\AppData\Local\Android\Sdk\tools\bin;System.Object[];C:\Users\patri\AppData\Local\Programs\Antigravity\bin;C:\Users\patri\AppData\Local\Programs\Python\Python313\Scripts;C:\Users\patri\AppData\Local\Programs\Python\Python313;C:\Users\patri\AppData\Local\Programs\Kiro\bin;C:\Users\patri\AppData\Local\Programs\Antigravity IDE\bin;C:\Users\patri\AppData\Local\GitHubDesktop\bin;C:\Users\patri\AppData\Local\Kingsoft\WPS Office\12.1.0.27458\clitool
USERNAME=patri
OS=Windows_NT
PROCESSOR_IDENTIFIER=Intel64 Family 6 Model 140 Stepping 1, GenuineIntel
TMP=C:\Users\patri\AppData\Local\Temp
TEMP=C:\Users\patri\AppData\Local\Temp




Periodic native trim disabled

JNI global refs:
JNI global refs: 27, weak refs: 3

JNI global refs memory usage: 835, weak refs: 833

Process memory usage:
Resident Set Size: 511948K (6% of 8166712K total physical memory with 571580K free physical memory)

OOME stack traces (most recent first):
Classloader memory used:
Loader org.gradle.internal.classloader.VisitableURLClassLoader                         : 45510K
Loader bootstrap                                                                       : 31796K
Loader org.gradle.internal.classloader.VisitableURLClassLoader$InstrumentingVisitableURLClassLoader: 29756K
Loader org.gradle.initialization.MixInLegacyTypesClassLoader                           : 12474K
Loader org.gradle.groovy.scripts.internal.DefaultScriptCompilationHandler$ScriptClassLoader: 918K
Loader jdk.internal.loader.ClassLoaders$PlatformClassLoader                            : 720K
Loader jdk.internal.loader.ClassLoaders$AppClassLoader                                 : 231K
Loader jdk.internal.reflect.DelegatingClassLoader                                      : 152K

Classes loaded by more than one classloader:
Class com.google.common.base.PairwiseEquivalence                                      : loaded 2 times (x 83B)
Class com.google.common.base.Equivalence$Identity                                     : loaded 2 times (x 82B)
Class com.google.common.collect.RegularImmutableMap$KeySet                            : loaded 2 times (x 152B)
Class org.gradle.internal.classloader.FilteringClassLoader                            : loaded 2 times (x 105B)
Class [Lcom.google.common.base.AbstractIterator$State;                                : loaded 2 times (x 69B)
Class com.google.common.base.CharMatcher$IsEither                                     : loaded 2 times (x 111B)
Class org.gradle.internal.classloader.ClassLoaderHierarchy                            : loaded 2 times (x 70B)
Class com.google.common.collect.ImmutableEnumSet                                      : loaded 2 times (x 146B)
Class com.google.common.util.concurrent.ExecutionError                                : loaded 2 times (x 82B)
Class com.google.common.collect.ImmutableList$1                                       : loaded 2 times (x 97B)
Class org.gradle.api.internal.classpath.ManifestUtil                                  : loaded 2 times (x 71B)
Class com.google.common.collect.RegularImmutableMap                                   : loaded 2 times (x 121B)
Class com.google.common.collect.ImmutableMap$MapViewOfValuesAsSingletonSets           : loaded 2 times (x 126B)
Class ijKotlinCoroutineJvmDebugInit1_6hpccxd7sfw5defzvoarbdlzw$_run_closure1$_closure2: loaded 2 times (x 139B)
Class build_7dya33vldwlbyxr8gcldlanos$_run_closure1                                   : loaded 2 times (x 139B)
Class [Lorg.objectweb.asm.Symbol;                                                     : loaded 2 times (x 69B)
Class org.objectweb.asm.ClassVisitor                                                  : loaded 2 times (x 88B)
Class com.google.common.collect.UnmodifiableListIterator                              : loaded 2 times (x 95B)
Class com.google.common.base.Platform$JdkPatternCompiler                              : loaded 2 times (x 75B)
Class org.objectweb.asm.MethodTooLargeException                                       : loaded 2 times (x 83B)
Class [Lcom.google.common.cache.CacheBuilder$OneWeigher;                              : loaded 2 times (x 69B)
Class com.google.common.base.Suppliers                                                : loaded 2 times (x 71B)
Class org.gradle.internal.classloader.DefaultClassLoaderFactory                       : loaded 2 times (x 82B)
Class com.google.common.base.CharMatcher$None                                         : loaded 2 times (x 112B)
Class org.gradle.internal.classloader.ClassLoaderVisitor                              : loaded 2 times (x 76B)
Class [Lcom.google.common.collect.ImmutableMapEntry;                                  : loaded 2 times (x 69B)
Class org.gradle.api.internal.classpath.EffectiveClassPath                            : loaded 2 times (x 90B)
Class com.google.common.collect.ListMultimap                                          : loaded 2 times (x 70B)
Class com.google.common.collect.ImmutableEnumMap                                      : loaded 2 times (x 126B)
Class com.google.common.base.Splitter                                                 : loaded 2 times (x 72B)
Class com.google.common.collect.Sets$1                                                : loaded 2 times (x 139B)
Class org.objectweb.asm.AnnotationVisitor                                             : loaded 2 times (x 78B)
Class org.gradle.api.internal.DefaultClassPathProvider                                : loaded 2 times (x 76B)
Class com.google.common.collect.Sets$2                                                : loaded 2 times (x 139B)
Class [Lorg.gradle.api.internal.ClassPathProvider;                                    : loaded 2 times (x 69B)
Class org.gradle.api.internal.ClassPathProvider                                       : loaded 2 times (x 70B)
Class com.google.common.base.AbstractIterator$State                                   : loaded 2 times (x 79B)
Class [Lorg.objectweb.asm.AnnotationVisitor;                                          : loaded 2 times (x 69B)
Class com.google.common.collect.Sets$3                                                : loaded 2 times (x 139B)
Class com.google.common.cache.LocalCache$LocalLoadingCache                            : loaded 2 times (x 134B)
Class org.gradle.internal.service.UnknownServiceException                             : loaded 2 times (x 83B)
Class com.google.common.collect.Sets$4                                                : loaded 2 times (x 139B)
Class org.objectweb.asm.ModuleVisitor                                                 : loaded 2 times (x 81B)
Class com.google.common.cache.LocalCache$Strength$1                                   : loaded 2 times (x 81B)
Class com.google.common.util.concurrent.SettableFuture                                : loaded 2 times (x 114B)
Class com.google.common.cache.LocalCache$Strength$2                                   : loaded 2 times (x 81B)
Class settings_dv9852furbf76omjxzzkcdejj                                              : loaded 2 times (x 171B)
Class build_dg3wgq2qm4n0gryuzd84rfjke$_run_closure1                                   : loaded 2 times (x 139B)
Class com.google.common.base.Splitter$1                                               : loaded 2 times (x 77B)
Class com.google.common.cache.LocalCache$Strength$3                                   : loaded 2 times (x 81B)
Class com.google.common.collect.MapDifference                                         : loaded 2 times (x 70B)
Class build_8dy9nupujp0piohc0d6tjt5pf                                                 : loaded 2 times (x 172B)
Class org.objectweb.asm.FieldWriter                                                   : loaded 2 times (x 78B)
Class com.google.common.cache.CacheBuilder$NullListener                               : loaded 2 times (x 82B)
Class org.gradle.internal.classpath.TransformedClassPath                              : loaded 2 times (x 96B)
Class org.gradle.internal.classloader.InstrumentingClassLoader                        : loaded 2 times (x 70B)
Class com.google.common.cache.CacheLoader$FunctionToCacheLoader                       : loaded 2 times (x 75B)
Class com.google.common.collect.Iterators$ArrayItr                                    : loaded 2 times (x 97B)
Class com.google.common.collect.ImmutableCollection$Builder                           : loaded 2 times (x 76B)
Class build_dg3wgq2qm4n0gryuzd84rfjke                                                 : loaded 2 times (x 172B)
Class com.google.common.base.Joiner                                                   : loaded 2 times (x 79B)
Class com.google.common.base.MoreObjects                                              : loaded 2 times (x 71B)
Class com.google.common.collect.Platform                                              : loaded 2 times (x 71B)
Class [Lorg.objectweb.asm.Type;                                                       : loaded 2 times (x 69B)
Class com.google.common.collect.UnmodifiableIterator                                  : loaded 2 times (x 80B)
Class org.gradle.internal.service.ServiceLocator                                      : loaded 2 times (x 70B)
Class com.google.common.collect.SingletonImmutableBiMap                               : loaded 2 times (x 143B)
Class com.google.common.base.Ascii                                                    : loaded 2 times (x 71B)
Class com.google.common.cache.LocalCache$1                                            : loaded 2 times (x 89B)
Class com.google.common.collect.Iterators$SingletonIterator                           : loaded 2 times (x 81B)
Class com.google.common.collect.AbstractMapEntry                                      : loaded 2 times (x 81B)
Class com.google.common.collect.Sets$ImprovedAbstractSet                              : loaded 2 times (x 135B)
Class com.google.common.collect.ImmutableList$Builder                                 : loaded 2 times (x 77B)
Class com.google.common.collect.AbstractMultimap                                      : loaded 2 times (x 123B)
Class com.google.common.cache.LocalCache$2                                            : loaded 2 times (x 142B)
Class com.google.common.collect.RegularImmutableAsList                                : loaded 2 times (x 217B)
Class com.google.common.util.concurrent.AbstractFuture$Trusted                        : loaded 2 times (x 70B)
Class com.google.common.collect.Iterators                                             : loaded 2 times (x 71B)
Class com.google.common.collect.Lists$StringAsImmutableList                           : loaded 2 times (x 207B)
Class com.google.common.util.concurrent.UncheckedExecutionException                   : loaded 2 times (x 82B)
Class build_8yni38hhe11meyu02y7g8cj0l$_run_closure1                                   : loaded 2 times (x 139B)
Class org.gradle.internal.InternalTransformer                                         : loaded 2 times (x 70B)
Class build_cayavifi316ugmts24ctxewmn                                                 : loaded 2 times (x 172B)
Class com.google.common.collect.AbstractMapBasedMultimap$KeySet$1                     : loaded 2 times (x 82B)
Class org.objectweb.asm.ClassWriter                                                   : loaded 2 times (x 106B)
Class com.google.common.base.CharMatcher$And                                          : loaded 2 times (x 112B)
Class com.google.common.cache.CacheLoader$UnsupportedLoadingOperationException        : loaded 2 times (x 82B)
Class org.gradle.internal.classloader.ClasspathUtil$1                                 : loaded 2 times (x 76B)
Class org.objectweb.asm.FieldVisitor                                                  : loaded 2 times (x 77B)
Class com.google.common.collect.IndexedImmutableSet                                   : loaded 2 times (x 152B)
Class com.google.common.collect.ImmutableMap$1                                        : loaded 2 times (x 81B)
Class com.google.common.collect.BiMap                                                 : loaded 2 times (x 70B)
Class ijJvmDebugger1_bjao5vxhowzuokwrpajv6kkpz$_run_closure1$_closure2                : loaded 2 times (x 140B)
Class org.gradle.api.internal.classpath.DefaultModuleRegistry$DefaultModule           : loaded 2 times (x 86B)
Class com.google.common.primitives.Ints                                               : loaded 2 times (x 71B)
Class com.google.common.collect.AbstractIterator                                      : loaded 2 times (x 82B)
Class com.google.common.collect.ObjectArrays                                          : loaded 2 times (x 71B)
Class com.google.common.collect.Multiset                                              : loaded 2 times (x 70B)
Class com.google.common.collect.ArrayListMultimapGwtSerializationDependencies         : loaded 2 times (x 172B)
Class com.google.common.collect.AbstractIndexedListIterator                           : loaded 2 times (x 96B)
Class com.google.common.math.MathPreconditions                                        : loaded 2 times (x 71B)
Class com.google.common.collect.ImmutableMapEntrySet                                  : loaded 2 times (x 152B)
Class org.gradle.api.internal.classpath.Module                                        : loaded 2 times (x 70B)
Class com.google.common.cache.Weigher                                                 : loaded 2 times (x 70B)
Class org.gradle.api.internal.classpath.UnknownModuleException                        : loaded 2 times (x 82B)
Class com.google.common.base.Stopwatch                                                : loaded 2 times (x 72B)
Class com.google.common.cache.LocalCache$Strength                                     : loaded 2 times (x 81B)
Class com.google.common.cache.Cache                                                   : loaded 2 times (x 70B)
Class com.google.common.base.NullnessCasts                                            : loaded 2 times (x 71B)
Class com.google.common.util.concurrent.AbstractFuture$Cancellation                   : loaded 2 times (x 72B)
Class com.google.common.collect.ImmutableMap$Builder                                  : loaded 2 times (x 82B)
Class com.google.common.cache.RemovalListener                                         : loaded 2 times (x 70B)
Class org.gradle.api.internal.DefaultClassPathRegistry                                : loaded 2 times (x 76B)
Class com.google.common.primitives.IntsMethodsForWeb                                  : loaded 2 times (x 71B)
Class com.google.common.collect.Multimap                                              : loaded 2 times (x 70B)
Class org.gradle.api.internal.ClassPathRegistry                                       : loaded 2 times (x 70B)
Class org.gradle.internal.classpath.DefaultClassPath$ImmutableUniqueList              : loaded 2 times (x 199B)
Class com.google.common.cache.CacheBuilder                                            : loaded 2 times (x 72B)
Class com.google.common.collect.SingletonImmutableList                                : loaded 2 times (x 207B)
Class org.gradle.internal.classpath.ClassPath                                         : loaded 2 times (x 70B)
Class com.google.common.base.JdkPattern                                               : loaded 2 times (x 75B)
Class com.google.common.collect.ImmutableList$ReverseImmutableList                    : loaded 2 times (x 209B)
Class build_cayavifi316ugmts24ctxewmn$_run_closure1                                   : loaded 2 times (x 139B)
Class org.objectweb.asm.SymbolTable$Entry                                             : loaded 2 times (x 74B)
Class org.objectweb.asm.Edge                                                          : loaded 2 times (x 72B)
Class com.google.common.base.Suppliers$SupplierOfInstance                             : loaded 2 times (x 79B)
Class com.google.common.collect.Iterators$1                                           : loaded 2 times (x 81B)
Class com.google.common.cache.LocalCache$ComputingValueReference                      : loaded 2 times (x 96B)
Class com.google.common.collect.SingletonImmutableSet                                 : loaded 2 times (x 146B)
Class com.google.common.collect.ImmutableMap$IteratorBasedImmutableMap                : loaded 2 times (x 126B)
Class com.google.common.cache.LocalCache$Segment                                      : loaded 2 times (x 154B)
Class com.google.common.collect.AbstractListMultimap                                  : loaded 2 times (x 172B)
Class [Lorg.objectweb.asm.SymbolTable$Entry;                                          : loaded 2 times (x 69B)
Class com.google.common.cache.CacheLoader                                             : loaded 2 times (x 74B)
Class com.google.common.collect.Iterators$4                                           : loaded 2 times (x 82B)
Class com.google.common.collect.ImmutableBiMap                                        : loaded 2 times (x 143B)
Class org.gradle.internal.installation.GradleInstallation$1                           : loaded 2 times (x 75B)
Class org.gradle.api.internal.classpath.ModuleRegistry                                : loaded 2 times (x 70B)
Class com.google.common.base.Splitter$SplittingIterator                               : loaded 2 times (x 84B)
Class com.google.common.util.concurrent.internal.InternalFutureFailureAccess          : loaded 2 times (x 72B)
Class com.google.common.collect.Iterators$5                                           : loaded 2 times (x 82B)
Class com.google.common.collect.ImmutableSet$JdkBackedSetBuilderImpl                  : loaded 2 times (x 76B)
Class com.google.common.base.CharMatcher$ForPredicate                                 : loaded 2 times (x 112B)
Class com.google.common.cache.LocalCache$LocalManualCache$1                           : loaded 2 times (x 75B)
Class build_1myg37fvy2vca8u5nl367goz9                                                 : loaded 2 times (x 172B)
Class com.google.common.base.CharMatcher$AnyOf                                        : loaded 2 times (x 112B)
Class com.google.common.collect.ImmutableCollection                                   : loaded 2 times (x 125B)
Class org.gradle.api.internal.classpath.DefaultModuleRegistry                         : loaded 2 times (x 86B)
Class com.google.common.collect.Lists                                                 : loaded 2 times (x 71B)
Class com.google.common.util.concurrent.ListenableFuture                              : loaded 2 times (x 70B)
Class com.google.common.cache.ReferenceEntry                                          : loaded 2 times (x 70B)
Class com.google.common.base.Converter                                                : loaded 2 times (x 90B)
Class com.google.common.collect.ImmutableSet$CachingAsList                            : loaded 2 times (x 148B)
Class com.google.common.collect.AbstractMapBasedMultimap                              : loaded 2 times (x 139B)
Class com.google.common.util.concurrent.AbstractFuture                                : loaded 2 times (x 106B)
Class com.google.common.base.FunctionalEquivalence                                    : loaded 2 times (x 83B)
Class com.google.common.collect.Iterators$9                                           : loaded 2 times (x 81B)
Class com.google.common.collect.ImmutableAsList                                       : loaded 2 times (x 209B)
Class org.objectweb.asm.RecordComponentVisitor                                        : loaded 2 times (x 77B)
Class com.google.common.cache.CacheLoader$SupplierToCacheLoader                       : loaded 2 times (x 75B)
Class org.gradle.internal.service.ServiceLookupException                              : loaded 2 times (x 82B)
Class [Lcom.google.common.cache.LocalCache$EntryFactory;                              : loaded 2 times (x 69B)
Class org.gradle.internal.classloader.ClassLoaderFactory                              : loaded 2 times (x 70B)
Class com.google.common.base.CommonPattern                                            : loaded 2 times (x 74B)
Class com.google.common.base.CharMatcher$IsNot                                        : loaded 2 times (x 111B)
Class com.google.common.cache.LocalCache$LocalManualCache                             : loaded 2 times (x 99B)
Class org.gradle.internal.service.CachingServiceLocator                               : loaded 2 times (x 82B)
Class com.google.common.collect.AbstractMapBasedMultimap$KeySet                       : loaded 2 times (x 137B)
Class com.google.common.math.IntMath                                                  : loaded 2 times (x 71B)
Class org.objectweb.asm.commons.InstructionAdapter                                    : loaded 2 times (x 188B)
Class com.google.common.collect.ImmutableMapEntry                                     : loaded 2 times (x 85B)
Class com.google.common.base.Equivalence                                              : loaded 2 times (x 82B)
Class com.google.common.base.Function                                                 : loaded 2 times (x 70B)
Class com.google.common.collect.ImmutableMapEntry$NonTerminalImmutableMapEntry        : loaded 2 times (x 85B)
Class com.google.common.collect.IndexedImmutableSet$1                                 : loaded 2 times (x 213B)
Class com.google.common.cache.CacheBuilder$OneWeigher                                 : loaded 2 times (x 82B)
Class com.google.common.collect.RegularImmutableList                                  : loaded 2 times (x 213B)
Class org.gradle.internal.classloader.ClasspathUtil                                   : loaded 2 times (x 71B)
Class com.google.common.util.concurrent.Uninterruptibles                              : loaded 2 times (x 71B)
Class com.google.common.util.concurrent.LazyLogger                                    : loaded 2 times (x 72B)
Class com.google.common.collect.Maps                                                  : loaded 2 times (x 71B)
Class org.gradle.api.specs.Spec                                                       : loaded 2 times (x 70B)
Class [Lcom.google.common.collect.ImmutableEntry;                                     : loaded 2 times (x 69B)
Class ijJvmDebugger1_bjao5vxhowzuokwrpajv6kkpz                                        : loaded 2 times (x 171B)
Class com.google.common.cache.LocalCache$LoadingValueReference                        : loaded 2 times (x 96B)
Class com.google.common.base.Platform                                                 : loaded 2 times (x 71B)
Class [Lorg.objectweb.asm.AnnotationWriter;                                           : loaded 2 times (x 69B)
Class com.google.common.collect.Maps$8                                                : loaded 2 times (x 82B)
Class com.google.common.collect.Sets$SetView                                          : loaded 2 times (x 138B)
Class com.google.common.cache.LocalCache$StrongValueReference                         : loaded 2 times (x 90B)
Class org.objectweb.asm.Type                                                          : loaded 2 times (x 72B)
Class org.gradle.internal.classloader.VisitableURLClassLoader$InstrumentingVisitableURLClassLoader: loaded 2 times (x 123B)
Class org.objectweb.asm.ByteVector                                                    : loaded 2 times (x 79B)
Class [Lcom.google.common.cache.CacheBuilder$NullListener;                            : loaded 2 times (x 69B)
Class com.google.common.math.IntMath$1                                                : loaded 2 times (x 71B)
Class org.gradle.internal.classloader.VisitableURLClassLoader$Spec                    : loaded 2 times (x 74B)
Class org.gradle.internal.classpath.DefaultClassPath                                  : loaded 2 times (x 90B)
Class com.google.common.base.AbstractIterator                                         : loaded 2 times (x 80B)
Class org.objectweb.asm.Symbol                                                        : loaded 2 times (x 73B)
Class build_8yni38hhe11meyu02y7g8cj0l                                                 : loaded 2 times (x 172B)
Class com.google.common.base.CharMatcher$BitSetMatcher                                : loaded 2 times (x 112B)
Class com.google.common.collect.RegularImmutableMap$Values                            : loaded 2 times (x 207B)
Class com.google.common.collect.ImmutableSet                                          : loaded 2 times (x 145B)
Class org.gradle.internal.classloader.ClassLoaderSpec                                 : loaded 2 times (x 71B)
Class org.objectweb.asm.AnnotationWriter                                              : loaded 2 times (x 79B)
Class com.google.common.cache.CacheStats                                              : loaded 2 times (x 71B)
Class org.objectweb.asm.RecordComponentWriter                                         : loaded 2 times (x 78B)
Class com.google.common.util.concurrent.AbstractFuture$Listener                       : loaded 2 times (x 72B)
Class com.google.common.base.CharMatcher$Or                                           : loaded 2 times (x 112B)
Class org.objectweb.asm.Attribute                                                     : loaded 2 times (x 77B)
Class com.google.common.base.Supplier                                                 : loaded 2 times (x 70B)
Class org.gradle.internal.classloader.VisitableURLClassLoader                         : loaded 2 times (x 117B)
Class org.gradle.internal.Cast                                                        : loaded 2 times (x 71B)
Class org.gradle.api.Action                                                           : loaded 2 times (x 70B)
Class com.google.common.base.Strings                                                  : loaded 2 times (x 71B)
Class com.google.common.collect.Sets                                                  : loaded 2 times (x 71B)
Class org.objectweb.asm.Handler                                                       : loaded 2 times (x 72B)
Class com.google.common.base.CharMatcher$FastMatcher                                  : loaded 2 times (x 111B)
Class com.google.common.base.Ticker                                                   : loaded 2 times (x 72B)
Class build_25cr2kh66s3pyv04vxru961ef$_run_closure1                                   : loaded 2 times (x 139B)
Class [Lcom.google.common.cache.LocalCache$Segment;                                   : loaded 2 times (x 69B)
Class com.google.common.base.Predicate                                                : loaded 2 times (x 70B)
Class [Lcom.google.common.cache.LocalCache$Strength;                                  : loaded 2 times (x 69B)
Class com.google.common.cache.CacheBuilder$1                                          : loaded 2 times (x 85B)
Class com.google.common.collect.ImmutableMap                                          : loaded 2 times (x 120B)
Class org.gradle.internal.classpath.DefaultClassPath$ImmutableUniqueList$Builder      : loaded 2 times (x 75B)
Class com.google.common.base.CharMatcher$NegatedFastMatcher                           : loaded 2 times (x 113B)
Class com.google.common.cache.LocalCache                                              : loaded 2 times (x 187B)
Class com.google.common.cache.CacheBuilder$2                                          : loaded 2 times (x 79B)
Class build_7dya33vldwlbyxr8gcldlanos                                                 : loaded 2 times (x 172B)
Class com.google.common.collect.ArrayListMultimap                                     : loaded 2 times (x 172B)
Class com.google.common.cache.CacheBuilder$3                                          : loaded 2 times (x 72B)
Class [Lcom.google.common.collect.AbstractMapEntry;                                   : loaded 2 times (x 69B)
Class com.google.common.collect.ImmutableEntry                                        : loaded 2 times (x 82B)
Class org.gradle.api.GradleException                                                  : loaded 2 times (x 82B)
Class com.google.common.collect.CollectPreconditions                                  : loaded 2 times (x 71B)
Class ijKotlinCoroutineJvmDebugInit1_6hpccxd7sfw5defzvoarbdlzw                        : loaded 2 times (x 171B)
Class com.google.common.collect.SortedMapDifference                                   : loaded 2 times (x 70B)
Class ijKotlinCoroutineJvmDebugInit1_6hpccxd7sfw5defzvoarbdlzw$_run_closure1          : loaded 2 times (x 139B)
Class build_1myg37fvy2vca8u5nl367goz9$_run_closure1                                   : loaded 2 times (x 139B)
Class com.google.common.cache.LocalCache$EntryFactory                                 : loaded 2 times (x 83B)
Class com.google.common.cache.LocalCache$AbstractReferenceEntry                       : loaded 2 times (x 107B)
Class org.gradle.internal.IoActions                                                   : loaded 2 times (x 71B)
Class org.objectweb.asm.SymbolTable                                                   : loaded 2 times (x 72B)
Class com.google.common.cache.CacheLoader$InvalidCacheLoadException                   : loaded 2 times (x 82B)
Class com.google.common.collect.ImmutableSet$RegularSetBuilderImpl                    : loaded 2 times (x 77B)
Class org.gradle.internal.classloader.SystemClassLoaderSpec                           : loaded 2 times (x 71B)
Class com.google.common.cache.LocalCache$StrongEntry                                  : loaded 2 times (x 108B)
Class com.google.common.util.concurrent.AbstractFuture$TrustedFuture                  : loaded 2 times (x 114B)
Class com.google.common.cache.LoadingCache                                            : loaded 2 times (x 70B)
Class org.objectweb.asm.MethodWriter                                                  : loaded 2 times (x 106B)
Class [Lcom.google.common.cache.Weigher;                                              : loaded 2 times (x 69B)
Class com.google.common.collect.RegularImmutableMap$BucketOverflowException           : loaded 2 times (x 82B)
Class build_25cr2kh66s3pyv04vxru961ef                                                 : loaded 2 times (x 172B)
Class com.google.common.collect.RegularImmutableBiMap                                 : loaded 2 times (x 149B)
Class com.google.common.base.CharMatcher$Negated                                      : loaded 2 times (x 113B)
Class com.google.common.base.CharMatcher$Is                                           : loaded 2 times (x 111B)
Class com.google.common.cache.LocalCache$ValueReference                               : loaded 2 times (x 70B)
Class com.google.common.base.PatternCompiler                                          : loaded 2 times (x 70B)
Class com.google.common.util.concurrent.AbstractFuture$Failure                        : loaded 2 times (x 72B)
Class com.google.common.base.Equivalence$Equals                                       : loaded 2 times (x 82B)
Class com.google.common.collect.Hashing                                               : loaded 2 times (x 71B)
Class com.google.common.base.Preconditions                                            : loaded 2 times (x 71B)
Class com.google.common.base.Joiner$1                                                 : loaded 2 times (x 80B)
Class org.objectweb.asm.Label                                                         : loaded 2 times (x 73B)
Class org.objectweb.asm.CurrentFrame                                                  : loaded 2 times (x 73B)
Class org.objectweb.asm.ClassTooLargeException                                        : loaded 2 times (x 83B)
Class com.google.common.base.CharMatcher                                              : loaded 2 times (x 111B)
Class com.google.common.collect.PeekingIterator                                       : loaded 2 times (x 70B)
Class com.google.common.base.Joiner$2                                                 : loaded 2 times (x 79B)
Class org.objectweb.asm.Frame                                                         : loaded 2 times (x 73B)
Class org.objectweb.asm.MethodVisitor                                                 : loaded 2 times (x 105B)
Class com.google.common.base.CharMatcher$1                                            : loaded 2 times (x 113B)
Class com.google.common.base.CharMatcher$NamedFastMatcher                             : loaded 2 times (x 112B)
Class com.google.common.cache.LocalCache$EntryFactory$1                               : loaded 2 times (x 83B)
Class [Lcom.google.common.cache.RemovalListener;                                      : loaded 2 times (x 69B)
Class build_25cr2kh66s3pyv04vxru961ef$_run_closure1$_closure3                         : loaded 2 times (x 139B)
Class build_8dy9nupujp0piohc0d6tjt5pf$_run_closure1                                   : loaded 2 times (x 139B)
Class com.google.common.cache.LocalCache$EntryFactory$2                               : loaded 2 times (x 83B)
Class org.gradle.api.internal.classpath.GlobalCacheRootsProvider                      : loaded 2 times (x 70B)
Class org.objectweb.asm.ModuleWriter                                                  : loaded 2 times (x 82B)
Class com.google.common.cache.LocalCache$EntryFactory$3                               : loaded 2 times (x 83B)
Class com.google.common.base.Ticker$1                                                 : loaded 2 times (x 72B)
Class com.google.common.collect.Maps$BiMapConverter                                   : loaded 2 times (x 90B)
Class com.google.common.collect.ImmutableMapEntrySet$RegularEntrySet                  : loaded 2 times (x 152B)
Class com.google.common.base.CharMatcher$InRange                                      : loaded 2 times (x 111B)
Class com.google.common.cache.LocalCache$EntryFactory$4                               : loaded 2 times (x 83B)
Class com.google.common.collect.ImmutableSet$Builder                                  : loaded 2 times (x 85B)
Class com.google.common.cache.LocalCache$EntryFactory$5                               : loaded 2 times (x 83B)
Class com.google.common.cache.LocalCache$EntryFactory$6                               : loaded 2 times (x 83B)
Class ijJvmDebugger1_bjao5vxhowzuokwrpajv6kkpz$_run_closure1                          : loaded 2 times (x 139B)
Class org.gradle.internal.installation.CurrentGradleInstallationLocator               : loaded 2 times (x 71B)
Class com.google.common.collect.Maps$KeySet                                           : loaded 2 times (x 137B)
Class com.google.common.cache.LocalCache$EntryFactory$7                               : loaded 2 times (x 83B)
Class com.google.common.collect.ImmutableSet$EmptySetBuilderImpl                      : loaded 2 times (x 76B)
Class com.google.common.collect.ImmutableList                                         : loaded 2 times (x 206B)
Class org.gradle.internal.service.DefaultServiceLocator                               : loaded 2 times (x 83B)
Class com.google.common.cache.LocalCache$EntryFactory$8                               : loaded 2 times (x 83B)
Class com.google.common.collect.ImmutableSet$SetBuilderImpl                           : loaded 2 times (x 76B)
Class org.gradle.internal.installation.CurrentGradleInstallation                      : loaded 2 times (x 73B)
Class com.google.common.cache.CacheLoader$1                                           : loaded 2 times (x 75B)
Class com.google.common.collect.ImmutableList$SubList                                 : loaded 2 times (x 209B)
Class org.gradle.util.internal.GUtil                                                  : loaded 2 times (x 71B)
Class com.google.common.cache.AbstractCache$StatsCounter                              : loaded 2 times (x 70B)
Class com.google.common.collect.Iterators$MergingIterator                             : loaded 2 times (x 81B)
Class com.google.common.collect.RegularImmutableSet                                   : loaded 2 times (x 149B)
Class org.gradle.internal.installation.GradleInstallation                             : loaded 2 times (x 75B)
Class com.google.common.base.Splitter$Strategy                                        : loaded 2 times (x 70B)
Class com.google.common.collect.Iterables                                             : loaded 2 times (x 71B)

---------------  S Y S T E M  ---------------

OS:
 Windows 11 , 64 bit Build 26100 (10.0.26100.9168)
OS uptime: 7 days 2:55 hours

CPU: total 4 (initial active 4) (2 cores per cpu, 2 threads per core) family 6 model 140 stepping 1 microcode 0x8a, cx8, cmov, fxsr, ht, mmx, 3dnowpref, sse, sse2, sse3, ssse3, sse4.1, sse4.2, popcnt, lzcnt, tsc, tscinvbit, avx, avx2, aes, erms, clmul, bmi1, bmi2, adx, avx512f, avx512dq, avx512cd, avx512bw, avx512vl, sha, fma, vzeroupper, avx512_vpopcntdq, avx512_vpclmulqdq, avx512_vaes, avx512_vnni, clflush, clflushopt, clwb, avx512_vbmi2, avx512_vbmi, rdtscp, rdpid, fsrm, gfni, avx512_bitalg, f16c, pku, cet_ibt, cet_ss, avx512_ifma
Processor Information for the first 4 processors :
  Max Mhz: 2995, Current Mhz: 2995, Mhz Limit: 2995

Memory: 4k page, system-wide physical 7975M (559M free)
TotalPageFile size 32551M (AvailPageFile size 26M)
current process WorkingSet (physical memory assigned to process): 501M, peak: 523M
current process commit charge ("private bytes"): 574M, peak: 574M

vm_info: OpenJDK 64-Bit Server VM (21.0.10+-14961533-b1163.108) for windows-amd64 JRE (21.0.10+-14961533-b1163.108), built on 2026-03-02T19:58:50Z by "builder" with MS VC++ 16.10 / 16.11 (VS2019)

END.
